id,carat,cut,color,clarity
1,1.22,Premium,G,SI1
2,1.01,Good,G,VS2
3,0.71,Very Good,I,VS2
4,1.01,Ideal,D,SI2
5,0.27,Ideal,H,VVS2
6,0.52,Premium,G,VS1
7,1.01,Premium,F,SI1
8,0.59,Ideal,D,SI1
9,1.01,Good,E,SI1
10,2.03,Ideal,F,SI2
11,1.35,Premium,H,VS2
12,0.74,Ideal,G,SI1
13,0.9,Premium,D,SI1
14,0.3,Good,G,VS2
15,1.01,Good,F,VS2
16,1.02,Good,H,SI2
17,2.05,Premium,G,SI1
18,0.54,Ideal,I,SI1
19,0.72,Ideal,G,VS2
20,2,Premium,J,SI2
21,1.57,Premium,G,SI2
22,0.89,Premium,G,SI1
23,0.33,Premium,I,VVS2
24,0.3,Very Good,G,IF
25,1.79,Very Good,I,VS2
26,1.11,Ideal,E,SI2
27,0.79,Premium,F,SI1
28,0.71,Very Good,F,SI1
29,0.73,Ideal,G,SI1
30,0.9,Very Good,G,VS2
31,1.31,Good,I,VS1
32,1.01,Ideal,F,SI2
33,0.35,Premium,D,SI1
34,0.41,Premium,G,VS2
35,0.32,Premium,E,VS2
36,0.38,Ideal,D,VS1
37,1.21,Premium,I,SI2
38,1,Premium,F,SI1
39,0.56,Ideal,H,VS2
40,1,Good,J,SI1
41,0.32,Premium,H,VVS1
42,1.7,Ideal,D,SI1
43,2.26,Very Good,D,SI2
44,0.32,Premium,D,VS2
45,0.4,Very Good,F,VVS1
46,2.13,Very Good,G,SI2
47,0.7,Premium,G,VS2
48,2.01,Premium,H,SI1
49,1.15,Premium,G,SI1
50,0.71,Ideal,E,VS1
51,1.35,Premium,G,VVS2
52,0.51,Ideal,F,SI1
53,0.34,Ideal,D,IF
54,1.58,Ideal,G,VS1
55,2.05,Good,G,SI2
56,0.41,Ideal,H,VS1
57,0.6,Fair,F,SI1
58,0.31,Ideal,H,IF
59,0.64,Very Good,D,SI1
60,0.71,Premium,J,SI1
61,0.55,Ideal,F,VS2
62,1.26,Very Good,G,VVS2
63,1.03,Premium,G,VS1
64,1.01,Premium,H,SI2
65,0.25,Very Good,E,VVS2
66,0.9,Premium,H,SI1
67,0.45,Premium,D,VS1
68,0.3,Ideal,F,IF
69,0.9,Good,D,SI2
70,0.8,Very Good,F,VS2
71,0.33,Premium,G,VS1
72,0.71,Ideal,G,SI1
73,0.7,Premium,D,SI1
74,0.78,Ideal,H,SI2
75,0.7,Very Good,F,SI2
76,0.38,Ideal,F,VVS2
77,0.54,Premium,J,VS2
78,0.25,Good,E,VVS2
79,2.5,Good,J,VS2
80,0.72,Good,D,VS1
81,0.41,Ideal,E,VS2
82,2.03,Ideal,G,SI2
83,1.24,Premium,D,SI1
84,0.92,Premium,G,SI2
85,1,Fair,E,SI2
86,0.57,Ideal,F,VS1
87,0.54,Ideal,D,SI1
88,1.08,Premium,H,SI2
89,0.54,Very Good,H,VVS1
90,0.63,Very Good,F,VS2
91,1.58,Premium,D,SI1
92,0.3,Very Good,D,VS2
93,1.56,Ideal,G,VVS2
94,0.26,Very Good,F,VVS2
95,0.57,Ideal,E,VS2
96,0.39,Ideal,F,IF
97,1.13,Very Good,G,SI2
98,1.09,Ideal,H,SI1
99,1.52,Ideal,E,SI2
100,1.01,Very Good,E,VS1
101,1.21,Premium,H,SI2
102,0.5,Ideal,H,SI1
103,1.33,Premium,E,SI2
104,0.52,Very Good,D,VS2
105,0.33,Ideal,H,SI2
106,1.06,Premium,G,SI2
107,0.9,Premium,F,SI2
108,0.92,Ideal,H,VS1
109,1.54,Premium,D,VS2
110,1,Premium,E,SI2
111,1.2,Ideal,G,VS1
112,1,Ideal,E,SI1
113,0.33,Very Good,E,SI1
114,0.38,Ideal,E,IF
115,0.55,Ideal,H,VVS2
116,0.31,Premium,J,VS2
117,1.13,Ideal,D,VS1
118,0.33,Premium,D,SI1
119,1.03,Premium,E,VS2
120,0.53,Very Good,F,SI1
121,1,Good,F,I1
122,0.8,Very Good,F,VS1
123,1.25,Good,I,SI2
124,0.5,Very Good,E,SI1
125,0.56,Ideal,D,VS2
126,0.46,Ideal,J,VS2
127,2.1,Premium,H,SI2
128,0.77,Ideal,D,SI1
129,0.53,Premium,H,VS2
130,0.75,Very Good,F,VS1
131,0.41,Premium,F,VVS2
132,0.41,Ideal,G,VVS1
133,0.51,Ideal,D,VS2
134,0.34,Premium,G,VS2
135,0.51,Ideal,E,SI2
136,0.3,Premium,H,SI1
137,1.5,Good,G,SI2
138,1.01,Very Good,F,SI2
139,1.1,Ideal,G,VS1
140,0.5,Good,D,SI1
141,1,Good,E,VVS2
142,1.22,Ideal,J,VS1
143,1.51,Ideal,H,SI2
144,0.31,Ideal,E,VVS1
145,0.95,Premium,E,SI2
146,1.06,Very Good,I,SI2
147,1.39,Premium,E,VS2
148,1.01,Very Good,H,VS2
149,0.72,Premium,D,SI1
150,0.51,Premium,D,VS1
151,1.5,Very Good,D,SI2
152,0.7,Premium,G,VVS1
153,1.01,Premium,H,SI2
154,0.3,Ideal,I,SI1
155,1.29,Premium,F,SI1
156,1.01,Very Good,F,VS2
157,0.33,Ideal,I,VS2
158,1.53,Premium,H,SI2
159,0.85,Premium,D,SI2
160,0.33,Ideal,G,VS2
161,0.6,Ideal,D,VVS1
162,0.63,Premium,I,VS1
163,1.04,Premium,G,SI2
164,2.01,Very Good,H,SI2
165,0.71,Premium,E,SI1
166,0.3,Very Good,G,VVS2
167,1.74,Ideal,J,VS1
168,1.06,Ideal,E,SI1
169,0.7,Fair,G,SI1
170,1.52,Very Good,G,VS2
171,0.41,Ideal,F,VS2
172,1.22,Ideal,G,VS1
173,0.37,Premium,E,SI1
174,0.3,Premium,H,SI1
175,0.54,Premium,E,SI1
176,0.37,Ideal,E,VS2
177,1.5,Premium,E,VVS2
178,0.62,Very Good,G,VS2
179,1.33,Premium,H,SI2
180,1.51,Very Good,J,SI2
181,0.31,Ideal,H,VVS1
182,0.38,Ideal,G,SI2
183,0.31,Ideal,I,VS1
184,0.34,Premium,G,VVS2
185,0.75,Good,E,SI2
186,0.28,Very Good,F,VVS2
187,1.23,Very Good,G,SI2
188,0.75,Good,E,SI1
189,1.11,Ideal,H,VVS2
190,2.07,Very Good,I,SI1
191,1,Premium,D,SI1
192,0.79,Ideal,F,SI1
193,0.31,Ideal,G,VS1
194,0.31,Premium,I,VVS1
195,1,Ideal,H,SI1
196,0.41,Premium,G,VS1
197,0.51,Premium,E,SI1
198,1.91,Very Good,F,SI1
199,1.19,Very Good,E,VS2
200,0.32,Premium,F,VVS1
201,0.55,Ideal,F,SI2
202,0.32,Ideal,F,IF
203,1.09,Ideal,G,SI2
204,0.9,Very Good,I,VVS1
205,0.74,Ideal,E,VS2
206,0.9,Very Good,G,VS2
207,0.76,Ideal,D,VS1
208,0.73,Ideal,D,SI2
209,0.52,Good,G,SI1
210,0.73,Premium,E,SI1
211,0.76,Premium,I,VS2
212,0.48,Good,F,VS1
213,1.5,Fair,D,SI1
214,0.37,Very Good,F,SI1
215,0.43,Premium,E,VS2
216,0.58,Ideal,E,VVS2
217,1.01,Ideal,D,SI1
218,0.28,Ideal,H,VS1
219,0.53,Very Good,G,VS1
220,0.9,Very Good,I,VS2
221,0.3,Ideal,F,VVS1
222,1.51,Premium,D,SI2
223,1.01,Premium,G,SI2
224,0.31,Ideal,F,VS2
225,0.66,Ideal,D,VS2
226,0.56,Premium,D,SI1
227,0.28,Very Good,E,VVS2
228,0.55,Ideal,F,SI2
229,0.29,Ideal,G,IF
230,0.36,Ideal,E,VS1
231,0.31,Ideal,D,SI1
232,0.58,Very Good,G,VVS2
233,0.4,Premium,D,SI2
234,0.29,Ideal,I,VS1
235,0.62,Very Good,E,VS1
236,0.73,Ideal,E,SI2
237,2.01,Very Good,J,SI2
238,0.7,Very Good,G,I1
239,0.54,Good,D,SI2
240,0.3,Fair,D,VVS2
241,0.38,Ideal,H,VVS1
242,0.7,Premium,G,VS1
243,0.82,Ideal,E,SI2
244,0.41,Ideal,E,VVS2
245,0.64,Ideal,G,IF
246,1.01,Very Good,H,VS1
247,0.58,Very Good,I,VS2
248,0.34,Ideal,D,VS1
249,0.85,Ideal,E,VS1
250,0.91,Good,G,SI2
251,0.91,Premium,G,SI2
252,0.5,Fair,E,VS2
253,1,Premium,F,VS2
254,1.5,Very Good,G,SI1
255,1.26,Ideal,H,VS1
256,0.35,Premium,D,SI2
257,1.09,Premium,I,VS2
258,0.3,Ideal,F,VS2
259,0.27,Ideal,E,VS1
260,0.32,Ideal,E,VVS2
261,1.09,Premium,I,VS1
262,0.4,Premium,F,SI1
263,1.04,Ideal,E,VVS2
264,0.51,Premium,E,VS2
265,0.73,Ideal,H,SI1
266,1.01,Good,H,SI2
267,1.34,Ideal,G,VS2
268,0.52,Ideal,G,VVS2
269,1.21,Good,H,VS1
270,0.35,Ideal,F,VS1
271,0.7,Ideal,G,VVS2
272,0.7,Premium,G,SI1
273,0.42,Very Good,G,SI1
274,0.38,Premium,D,SI2
275,0.3,Ideal,G,VS1
276,0.91,Premium,F,SI2
277,1.11,Premium,G,SI1
278,0.3,Good,G,IF
279,0.32,Ideal,F,VVS1
280,0.42,Ideal,F,VS2
281,0.54,Ideal,G,VVS2
282,2.03,Very Good,I,VS2
283,0.4,Good,F,VS2
284,0.57,Premium,H,VS1
285,0.72,Ideal,J,VVS1
286,1.3,Premium,I,SI1
287,1.01,Premium,E,VS2
288,0.39,Ideal,G,SI2
289,0.43,Ideal,F,VVS2
290,0.77,Premium,I,SI1
291,0.53,Ideal,F,VVS1
292,0.65,Very Good,I,IF
293,0.33,Premium,D,SI2
294,1.02,Premium,F,SI2
295,0.31,Premium,G,VVS1
296,0.36,Ideal,F,SI1
297,0.3,Very Good,H,VVS1
298,0.9,Very Good,H,SI2
299,1.05,Ideal,G,SI1
300,1.5,Good,D,SI2
301,0.9,Very Good,H,VS1
302,0.72,Very Good,E,SI1
303,0.42,Premium,G,VS2
304,0.53,Premium,I,VVS1
305,0.51,Very Good,F,SI1
306,0.51,Ideal,H,VS2
307,0.86,Premium,F,SI2
308,1.51,Premium,H,SI1
309,0.37,Ideal,F,VS1
310,0.56,Premium,D,SI1
311,1.59,Premium,I,VS2
312,0.73,Ideal,H,SI1
313,0.31,Ideal,F,IF
314,0.4,Very Good,F,SI1
315,0.52,Ideal,F,VS2
316,1.04,Premium,H,SI1
317,1,Ideal,J,VS1
318,0.78,Ideal,F,SI1
319,0.76,Ideal,J,SI1
320,0.71,Premium,E,VS2
321,0.9,Ideal,G,SI2
322,1.01,Very Good,E,SI2
323,0.81,Very Good,G,SI2
324,0.36,Ideal,F,VVS2
325,0.61,Ideal,I,SI2
326,0.51,Ideal,E,VS2
327,0.24,Ideal,E,VVS2
328,0.52,Ideal,H,IF
329,1,Premium,H,SI2
330,0.31,Ideal,H,VVS2
331,1.08,Premium,H,VS1
332,0.7,Good,D,VS2
333,0.3,Very Good,F,VVS1
334,0.3,Ideal,H,SI1
335,0.7,Very Good,G,VS2
336,0.72,Ideal,E,SI2
337,0.3,Ideal,H,VVS1
338,0.76,Premium,F,SI1
339,0.41,Very Good,D,SI1
340,0.41,Premium,E,SI1
341,0.4,Very Good,D,SI2
342,1.54,Good,E,SI1
343,0.55,Ideal,E,VVS2
344,0.57,Ideal,H,SI1
345,0.53,Ideal,E,VS2
346,0.33,Very Good,E,VS2
347,1.53,Premium,D,SI2
348,0.52,Ideal,H,SI1
349,1.01,Very Good,F,VVS1
350,0.91,Very Good,D,SI1
351,0.54,Premium,F,VS2
352,0.53,Premium,H,SI1
353,1.02,Premium,G,VS2
354,0.3,Premium,H,VS1
355,2.05,Ideal,H,SI2
356,0.3,Premium,D,VS2
357,0.3,Premium,H,VS1
358,0.9,Very Good,J,VS1
359,2.25,Ideal,I,SI2
360,0.42,Ideal,G,VVS1
361,0.7,Good,F,SI2
362,1.2,Very Good,I,SI1
363,1.52,Premium,G,SI1
364,0.33,Ideal,G,VVS1
365,1.21,Premium,J,VVS2
366,0.23,Very Good,E,VVS2
367,0.31,Ideal,H,VVS2
368,0.5,Ideal,F,SI1
369,1.01,Very Good,H,SI1
370,0.76,Ideal,H,VS2
371,0.31,Premium,E,VVS2
372,1.77,Ideal,D,SI2
373,0.4,Very Good,G,SI1
374,0.51,Very Good,G,VS2
375,0.54,Ideal,F,VVS1
376,0.3,Ideal,F,SI1
377,1.06,Ideal,I,SI2
378,0.81,Ideal,F,VS1
379,0.58,Ideal,D,SI1
380,0.53,Good,H,SI1
381,0.3,Very Good,E,SI1
382,1.09,Premium,F,SI1
383,1.17,Ideal,I,SI2
384,1.53,Ideal,I,VS2
385,1.03,Good,E,SI2
386,0.35,Premium,I,SI1
387,1,Very Good,D,VS2
388,2.01,Premium,G,SI2
389,0.32,Premium,G,VS1
390,1.01,Ideal,F,SI2
391,0.4,Very Good,D,VS2
392,1.12,Premium,D,SI2
393,1.24,Very Good,H,VVS2
394,0.52,Ideal,E,VS2
395,0.82,Very Good,F,VVS2
396,1.05,Good,G,SI2
397,1,Very Good,F,VS2
398,0.81,Very Good,J,SI1
399,1.02,Very Good,E,VS1
400,0.75,Fair,J,VS1
401,0.4,Very Good,D,SI2
402,2.04,Premium,F,SI2
403,0.52,Ideal,E,VS2
404,0.8,Very Good,F,VS2
405,1.01,Very Good,F,VS1
406,0.43,Premium,E,SI1
407,1.13,Premium,G,VVS1
408,0.4,Ideal,F,IF
409,1.05,Premium,G,VS1
410,0.41,Good,E,VS2
411,1.01,Ideal,G,VS2
412,0.7,Fair,G,SI1
413,0.55,Ideal,G,VVS1
414,0.53,Ideal,E,VS2
415,1.16,Ideal,F,VS2
416,0.3,Ideal,F,VS1
417,0.7,Ideal,F,VS2
418,0.33,Very Good,F,VVS2
419,0.71,Premium,E,VS2
420,0.71,Premium,E,VS1
421,0.33,Ideal,G,IF
422,1.58,Ideal,I,SI1
423,1.63,Premium,I,VS1
424,0.38,Ideal,E,IF
425,1.29,Premium,I,VS1
426,1.1,Very Good,I,SI2
427,1.73,Premium,F,SI2
428,1.01,Fair,F,SI1
429,0.41,Very Good,E,SI2
430,0.9,Premium,I,VS2
431,0.3,Ideal,I,VS1
432,0.27,Ideal,E,VS1
433,0.28,Very Good,H,SI1
434,1.17,Ideal,H,VS2
435,1.02,Premium,E,SI1
436,0.34,Ideal,E,VVS1
437,0.45,Good,F,VS1
438,0.75,Ideal,G,SI2
439,0.31,Ideal,F,VVS2
440,0.38,Ideal,D,VVS2
441,0.39,Premium,G,VS2
442,0.54,Ideal,G,SI1
443,0.7,Premium,D,SI1
444,0.31,Ideal,E,IF
445,1.21,Ideal,F,VS2
446,0.33,Premium,G,VS1
447,1.11,Very Good,J,VS1
448,0.31,Ideal,F,VS2
449,0.32,Very Good,F,VS2
450,0.28,Very Good,E,VVS2
451,2.17,Very Good,H,SI2
452,0.35,Good,H,VS2
453,0.57,Ideal,F,VVS1
454,1.02,Ideal,I,SI1
455,0.77,Ideal,J,VS2
456,0.55,Ideal,F,SI2
457,0.91,Premium,G,SI1
458,1.01,Very Good,G,VS2
459,0.33,Ideal,G,VVS2
460,0.9,Good,H,VS2
461,0.31,Premium,G,VS2
462,0.3,Ideal,D,VS1
463,0.39,Ideal,H,SI2
464,0.63,Very Good,G,VS1
465,0.71,Ideal,F,SI1
466,1.02,Ideal,G,VS2
467,0.56,Very Good,J,VS2
468,0.53,Ideal,E,VS1
469,0.92,Good,D,SI2
470,0.3,Ideal,G,VS1
471,0.52,Very Good,F,VVS2
472,0.36,Ideal,E,VS1
473,2.02,Ideal,F,SI2
474,0.54,Ideal,D,VS2
475,0.76,Very Good,J,VS1
476,1.21,Very Good,F,VS2
477,0.3,Premium,F,VS2
478,0.9,Very Good,E,SI1
479,0.36,Ideal,D,SI2
480,0.71,Ideal,I,SI1
481,1.09,Ideal,E,VS2
482,0.31,Ideal,D,VVS2
483,0.3,Very Good,G,VS1
484,0.4,Ideal,I,VS2
485,0.3,Ideal,E,VVS2
486,1.7,Premium,F,VS2
487,0.43,Very Good,E,SI1
488,0.53,Ideal,F,VVS2
489,0.41,Ideal,G,VS1
490,0.72,Premium,E,SI1
491,1,Good,G,VS2
492,0.37,Ideal,F,VVS2
493,0.5,Very Good,G,SI1
494,0.31,Ideal,G,VVS1
495,1.01,Very Good,F,VS2
496,0.33,Ideal,E,VS2
497,0.35,Good,I,SI1
498,0.3,Ideal,E,VVS2
499,0.37,Premium,J,VS2
500,1.21,Ideal,G,VS2
501,1.05,Ideal,E,VVS2
502,1.11,Premium,D,VS2
503,0.57,Ideal,D,VS2
504,1.01,Very Good,E,SI2
505,0.51,Ideal,I,VS2
506,0.52,Ideal,G,VS1
507,0.58,Ideal,G,SI1
508,0.26,Very Good,E,VVS1
509,0.85,Fair,H,I1
510,0.43,Ideal,G,VVS1
511,0.25,Ideal,G,VVS1
512,0.78,Ideal,H,SI1
513,1,Ideal,D,SI1
514,0.31,Good,D,SI2
515,0.44,Premium,G,VS2
516,0.5,Premium,G,VVS2
517,1.82,Very Good,G,SI1
518,0.4,Very Good,D,VVS2
519,0.33,Premium,H,VS2
520,0.71,Premium,G,SI1
521,2.03,Very Good,I,VS2
522,0.25,Ideal,H,VS1
523,1.1,Premium,F,VS2
524,0.91,Very Good,G,VS1
525,0.54,Ideal,D,VS1
526,0.9,Good,D,SI1
527,1.09,Good,H,SI1
528,1.57,Ideal,H,I1
529,0.71,Ideal,F,VS1
530,0.72,Good,G,VS2
531,1.12,Ideal,H,SI1
532,0.31,Ideal,H,IF
533,0.7,Ideal,F,SI1
534,0.53,Ideal,H,VS1
535,0.3,Ideal,H,IF
536,0.73,Premium,G,VVS2
537,0.4,Premium,E,VS1
538,1.09,Premium,H,SI1
539,1.21,Premium,I,VS2
540,0.32,Ideal,D,VVS2
541,0.31,Ideal,G,VVS1
542,0.43,Premium,I,IF
543,0.3,Ideal,E,VS2
544,1,Ideal,H,I1
545,0.3,Ideal,E,SI2
546,0.61,Very Good,G,VS2
547,0.33,Very Good,E,SI1
548,0.62,Premium,F,VS2
549,1.1,Premium,G,VS2
550,0.32,Ideal,F,VS1
551,1.08,Very Good,F,SI1
552,0.41,Ideal,G,SI2
553,1,Ideal,G,SI1
554,1,Ideal,E,SI1
555,0.37,Ideal,G,IF
556,0.35,Premium,E,SI2
557,1.2,Good,H,SI1
558,0.5,Premium,E,SI1
559,0.43,Ideal,G,VVS2
560,0.42,Very Good,G,VS2
561,0.59,Ideal,E,SI1
562,1.4,Ideal,H,SI2
563,0.66,Good,F,VS2
564,1.02,Ideal,I,VS2
565,0.53,Ideal,H,VS2
566,0.51,Good,F,SI1
567,0.42,Very Good,D,SI2
568,2.03,Ideal,H,SI2
569,0.41,Premium,H,VS1
570,0.41,Ideal,F,VS1
571,0.3,Very Good,H,VS2
572,1.11,Ideal,F,VS2
573,0.31,Very Good,J,VS2
574,0.7,Good,F,SI1
575,0.4,Premium,E,SI1
576,0.33,Ideal,G,SI2
577,0.9,Very Good,F,SI2
578,0.31,Ideal,F,VS2
579,1.15,Ideal,D,VS2
580,1.01,Ideal,D,VVS2
581,0.42,Ideal,G,VS1
582,0.91,Ideal,J,VS1
583,1.26,Premium,I,SI1
584,1.28,Ideal,G,VS1
585,1.17,Ideal,G,VVS2
586,1.02,Premium,G,SI2
587,0.57,Ideal,E,VS2
588,0.91,Very Good,I,VS2
589,1,Ideal,I,VS2
590,0.7,Good,D,VS1
591,1.14,Very Good,D,VS2
592,0.9,Very Good,F,SI2
593,0.3,Ideal,G,IF
594,0.27,Ideal,E,VS1
595,0.34,Ideal,I,IF
596,0.33,Ideal,G,IF
597,2,Ideal,G,SI2
598,0.7,Premium,G,VS2
599,0.37,Good,F,VS2
600,0.73,Ideal,D,VS2
601,0.38,Ideal,E,SI1
602,1,Premium,I,VS1
603,0.39,Premium,G,IF
604,0.51,Premium,E,VS2
605,0.7,Very Good,F,SI1
606,1.11,Good,H,SI2
607,0.34,Ideal,E,VVS1
608,1.25,Ideal,J,SI1
609,0.52,Ideal,J,SI1
610,1,Very Good,H,SI2
611,0.33,Ideal,F,VVS1
612,1.8,Ideal,D,SI2
613,0.3,Good,H,VS1
614,0.7,Very Good,E,VS1
615,1.08,Ideal,G,VS2
616,0.61,Good,G,I1
617,1.1,Premium,G,VS2
618,0.41,Premium,F,VS2
619,0.33,Very Good,G,VS2
620,0.5,Premium,J,SI1
621,0.38,Premium,D,VS1
622,2.01,Ideal,H,SI2
623,0.42,Ideal,D,SI1
624,1.52,Ideal,G,SI1
625,0.53,Ideal,E,VS1
626,0.7,Very Good,E,IF
627,0.72,Ideal,G,VS2
628,0.9,Very Good,E,SI1
629,1.22,Ideal,I,SI1
630,0.25,Very Good,F,VVS1
631,2.03,Ideal,I,VS2
632,1.02,Ideal,G,SI2
633,0.74,Ideal,J,VS1
634,1.24,Premium,H,SI1
635,1.15,Premium,G,SI2
636,2.01,Premium,I,SI2
637,0.71,Premium,F,IF
638,0.56,Ideal,D,SI2
639,1.01,Ideal,H,SI1
640,0.31,Ideal,F,IF
641,1.19,Ideal,D,SI2
642,0.5,Ideal,D,VS2
643,1.02,Premium,G,SI1
644,0.38,Premium,E,SI1
645,0.41,Ideal,F,VVS2
646,1.52,Ideal,D,SI2
647,1.22,Ideal,G,VS2
648,0.53,Ideal,D,VS2
649,0.4,Very Good,D,SI1
650,0.33,Premium,D,SI1
651,0.31,Ideal,H,VS1
652,1.14,Premium,D,SI1
653,1.32,Premium,I,SI2
654,0.23,Very Good,F,VVS1
655,0.41,Very Good,G,VVS2
656,2.24,Ideal,I,SI2
657,0.55,Ideal,D,VS2
658,2.32,Fair,H,SI1
659,1.25,Ideal,J,VS2
660,0.31,Ideal,F,SI1
661,2.01,Fair,H,VS2
662,0.55,Ideal,E,SI1
663,0.7,Very Good,E,VVS2
664,1.51,Good,D,VS1
665,0.31,Ideal,F,VVS1
666,0.95,Ideal,H,SI1
667,0.24,Ideal,G,VS1
668,0.4,Premium,D,SI2
669,1.25,Premium,H,SI2
670,0.24,Very Good,E,VVS1
671,0.83,Ideal,F,SI1
672,1.01,Very Good,G,VS2
673,0.27,Very Good,F,VVS1
674,1.1,Ideal,F,VS1
675,0.3,Premium,G,VVS2
676,0.52,Ideal,E,SI1
677,0.4,Ideal,G,IF
678,1.3,Premium,H,SI1
679,1.71,Ideal,G,VS1
680,0.52,Ideal,D,VS2
681,0.33,Ideal,H,VVS1
682,1,Very Good,E,VVS2
683,0.5,Premium,F,VS1
684,0.91,Very Good,F,SI1
685,1.21,Ideal,G,VS1
686,0.51,Ideal,D,VS2
687,0.41,Premium,G,VVS2
688,0.94,Very Good,F,SI2
689,0.31,Premium,G,SI1
690,0.4,Ideal,D,VS2
691,1.12,Ideal,G,SI1
692,1,Good,E,SI1
693,1.48,Premium,H,SI2
694,0.32,Ideal,G,SI1
695,0.76,Good,G,IF
696,0.42,Ideal,D,SI1
697,0.5,Good,E,SI1
698,0.83,Very Good,J,VS2
699,0.32,Very Good,G,VS1
700,0.7,Ideal,H,VS1
701,0.73,Ideal,D,VS1
702,0.71,Very Good,D,VS1
703,0.35,Premium,F,SI1
704,0.42,Premium,H,SI1
705,0.81,Ideal,E,VS2
706,0.32,Ideal,E,VS2
707,0.85,Premium,I,I1
708,0.71,Good,F,SI1
709,0.32,Very Good,H,VVS2
710,1.09,Premium,H,SI1
711,0.35,Premium,D,VS2
712,0.82,Premium,G,SI2
713,1.03,Premium,H,SI1
714,0.5,Fair,H,VS1
715,0.8,Ideal,H,VS2
716,1.12,Premium,J,SI2
717,1.62,Premium,G,VS2
718,1.22,Ideal,H,SI1
719,0.52,Ideal,F,VVS1
720,1.11,Good,I,VS2
721,0.31,Very Good,F,SI1
722,0.42,Ideal,D,VS1
723,0.32,Ideal,H,VS2
724,0.9,Very Good,F,SI1
725,1.04,Ideal,H,SI1
726,0.35,Ideal,D,VS2
727,0.5,Fair,E,VS2
728,0.36,Very Good,D,SI1
729,0.3,Premium,D,SI2
730,0.7,Very Good,E,SI1
731,0.41,Very Good,G,VS1
732,0.4,Premium,D,VS2
733,1.1,Premium,E,SI2
734,0.74,Very Good,E,SI2
735,0.51,Ideal,F,VS2
736,0.27,Very Good,F,VVS1
737,1.01,Ideal,G,VS2
738,1.37,Very Good,I,SI2
739,1.01,Premium,H,SI1
740,0.39,Fair,E,SI1
741,0.51,Premium,E,SI1
742,0.5,Premium,G,VVS2
743,1.55,Ideal,G,SI2
744,0.3,Ideal,F,IF
745,2,Premium,D,SI2
746,0.35,Premium,J,VS1
747,0.33,Ideal,D,VS2
748,1,Very Good,G,VS2
749,0.93,Good,G,SI2
750,0.25,Premium,E,VVS2
751,0.7,Good,E,SI1
752,1.01,Ideal,F,VS2
753,0.53,Premium,E,VVS2
754,1.51,Premium,G,VS2
755,0.23,Very Good,F,VS1
756,0.38,Premium,F,VS2
757,0.3,Good,G,VVS2
758,0.3,Ideal,G,VS1
759,1.01,Good,I,SI1
760,0.8,Premium,E,SI1
761,0.7,Ideal,E,VS1
762,0.7,Good,G,VS1
763,1.26,Ideal,I,SI2
764,1.09,Ideal,G,VVS2
765,1,Very Good,I,SI2
766,0.6,Ideal,E,VS1
767,0.32,Premium,H,SI1
768,0.41,Ideal,D,VVS2
769,0.32,Premium,F,VS2
770,0.4,Very Good,E,VS1
771,3,Very Good,H,I1
772,0.56,Premium,E,VS2
773,0.9,Good,D,SI2
774,0.36,Ideal,H,VVS1
775,0.31,Very Good,E,VS2
776,1.19,Very Good,H,SI1
777,0.56,Ideal,G,VVS1
778,0.7,Premium,F,VS2
779,0.71,Premium,I,VVS1
780,0.52,Very Good,G,VVS1
781,0.33,Premium,D,SI2
782,0.34,Ideal,F,VS2
783,1.19,Very Good,D,VVS1
784,0.4,Premium,D,VS1
785,1.07,Very Good,G,VS2
786,1.61,Ideal,G,VS2
787,1,Premium,E,VS1
788,1.07,Ideal,G,SI1
789,0.41,Ideal,F,VS2
790,2.03,Premium,D,SI2
791,0.58,Ideal,J,VS1
792,0.8,Very Good,F,SI1
793,0.32,Ideal,H,VS2
794,0.7,Ideal,D,SI1
795,0.79,Premium,H,SI1
796,0.93,Very Good,I,VS2
797,0.37,Very Good,F,VS2
798,0.41,Premium,E,VS2
799,0.31,Ideal,D,SI2
800,0.7,Ideal,E,VS2
801,0.53,Ideal,D,VS2
802,0.3,Very Good,H,VS2
803,0.95,Very Good,E,SI2
804,0.41,Premium,F,VVS2
805,1.34,Premium,G,SI2
806,1,Very Good,D,SI1
807,0.42,Premium,D,VS1
808,0.41,Premium,E,VS1
809,0.5,Ideal,G,VVS1
810,0.46,Premium,I,SI2
811,0.35,Ideal,G,IF
812,0.82,Ideal,D,VS2
813,2.48,Very Good,F,SI2
814,0.35,Premium,J,VS1
815,1.52,Premium,D,SI2
816,1.07,Ideal,F,VVS2
817,0.61,Ideal,E,SI2
818,0.39,Very Good,G,VVS2
819,0.71,Premium,G,SI2
820,0.51,Fair,F,SI1
821,1.67,Ideal,D,SI1
822,1,Premium,G,I1
823,0.3,Good,F,VS2
824,1.22,Very Good,H,SI1
825,0.72,Ideal,F,VS2
826,0.94,Premium,E,SI1
827,0.51,Ideal,D,SI2
828,1.01,Very Good,J,SI1
829,0.41,Premium,F,SI2
830,0.3,Very Good,E,SI1
831,1.11,Premium,I,SI2
832,0.5,Ideal,E,SI1
833,1.2,Good,J,VS2
834,0.56,Ideal,H,SI1
835,0.9,Premium,D,SI1
836,1,Fair,I,VS1
837,0.35,Ideal,I,VS1
838,0.31,Ideal,D,VS2
839,0.71,Very Good,E,VS2
840,0.3,Premium,G,VVS2
841,0.3,Ideal,E,VS1
842,1,Very Good,E,IF
843,0.3,Premium,G,VVS2
844,1.48,Ideal,E,SI2
845,1.5,Ideal,I,SI1
846,2.35,Premium,I,SI2
847,0.5,Good,D,SI1
848,0.38,Ideal,E,SI2
849,1.06,Ideal,G,VS1
850,0.33,Ideal,G,VS2
851,0.7,Fair,F,I1
852,0.3,Ideal,D,VS2
853,1.5,Good,I,SI2
854,0.34,Very Good,G,VVS1
855,0.59,Premium,D,VS1
856,0.81,Premium,G,SI1
857,0.55,Ideal,G,VVS2
858,0.31,Ideal,E,VS1
859,0.91,Good,G,VS2
860,0.4,Premium,H,SI1
861,0.81,Ideal,E,VS2
862,0.31,Ideal,F,IF
863,1.1,Premium,H,SI1
864,0.31,Very Good,H,VVS2
865,0.45,Ideal,G,VVS1
866,0.32,Ideal,D,VS2
867,0.32,Ideal,G,IF
868,0.31,Premium,J,SI1
869,1,Very Good,F,SI2
870,2.02,Premium,I,SI2
871,2.01,Premium,H,SI2
872,1.02,Very Good,F,SI1
873,1.16,Ideal,H,SI2
874,0.77,Very Good,H,SI1
875,0.59,Premium,I,IF
876,0.34,Premium,D,SI2
877,0.3,Good,I,IF
878,0.58,Ideal,I,SI1
879,0.52,Very Good,H,VS1
880,0.33,Premium,G,VVS1
881,1.38,Ideal,F,SI2
882,0.71,Ideal,F,SI2
883,0.96,Fair,F,SI2
884,1.02,Ideal,E,VVS1
885,0.53,Good,E,VS2
886,0.9,Premium,D,SI2
887,0.34,Fair,F,I1
888,0.36,Very Good,H,VS2
889,0.83,Very Good,F,VS1
890,1.3,Premium,I,IF
891,1.02,Ideal,E,SI1
892,0.34,Ideal,E,VVS2
893,0.54,Good,G,VS1
894,0.56,Premium,G,VS1
895,2.37,Ideal,J,VS2
896,1.15,Ideal,H,SI2
897,0.4,Ideal,H,VS1
898,1.59,Ideal,G,VVS2
899,1.42,Very Good,G,VVS2
900,0.31,Ideal,E,VVS2
901,0.57,Ideal,F,IF
902,0.7,Premium,I,VS2
903,0.41,Very Good,H,SI1
904,0.55,Very Good,E,SI1
905,1.01,Ideal,D,VS2
906,0.24,Very Good,E,VVS2
907,0.3,Very Good,E,SI1
908,1.13,Ideal,F,SI1
909,0.72,Premium,H,SI1
910,0.52,Ideal,D,SI2
911,1,Very Good,D,SI1
912,0.47,Very Good,D,VS1
913,0.41,Ideal,D,SI2
914,0.51,Premium,G,SI1
915,1,Very Good,F,SI1
916,1.55,Good,H,VS2
917,0.71,Very Good,G,VS2
918,1.21,Ideal,G,VS2
919,1.95,Very Good,H,VS2
920,1.51,Premium,G,SI1
921,0.3,Premium,D,VS2
922,0.72,Very Good,D,VS2
923,0.31,Ideal,E,VVS2
924,0.53,Ideal,D,VS2
925,0.71,Very Good,G,SI2
926,1.07,Ideal,G,SI1
927,0.24,Very Good,E,VS1
928,1,Very Good,F,IF
929,0.55,Ideal,G,VS1
930,0.52,Ideal,E,VS2
931,0.72,Ideal,G,SI2
932,0.9,Good,G,SI1
933,0.41,Ideal,F,VS2
934,0.33,Ideal,G,SI1
935,0.56,Very Good,H,VS1
936,1.01,Very Good,F,SI2
937,0.46,Premium,F,VVS1
938,1.01,Very Good,I,SI1
939,0.3,Ideal,F,VS2
940,0.3,Premium,G,VS1
941,2.02,Very Good,H,SI2
942,0.32,Ideal,E,VVS2
943,0.35,Premium,I,VS1
944,0.34,Ideal,D,SI1
945,0.6,Ideal,G,VS1
946,0.41,Premium,I,VVS2
947,1.01,Fair,G,VS1
948,0.54,Ideal,H,VVS1
949,1.01,Premium,E,SI2
950,0.3,Ideal,H,VVS1
951,1.06,Premium,F,I1
952,0.7,Very Good,F,VS2
953,1.53,Very Good,F,SI1
954,0.82,Very Good,D,SI1
955,0.32,Ideal,G,VVS1
956,0.27,Very Good,F,VS1
957,0.8,Ideal,F,VS2
958,1.11,Ideal,G,VS1
959,0.71,Premium,G,VS2
960,0.61,Very Good,F,SI2
961,1.31,Very Good,F,VS1
962,0.71,Very Good,G,SI1
963,0.9,Premium,E,SI2
964,0.9,Premium,E,VS2
965,0.74,Ideal,E,VS2
966,0.3,Good,I,VS1
967,1,Very Good,F,VS1
968,0.3,Ideal,E,VS2
969,0.39,Good,E,VVS2
970,0.51,Premium,F,SI1
971,0.81,Ideal,E,SI2
972,1.62,Ideal,I,VS2
973,1.62,Premium,F,SI2
974,0.57,Very Good,E,VS2
975,0.33,Ideal,G,VVS1
976,0.42,Ideal,E,VS2
977,1.51,Premium,J,VS2
978,0.31,Ideal,D,VS2
979,1.01,Very Good,G,SI1
980,0.41,Good,E,VVS1
981,0.7,Premium,F,SI1
982,0.9,Good,H,SI2
983,1.75,Good,D,SI1
984,0.36,Ideal,F,SI1
985,0.31,Ideal,F,IF
986,0.8,Very Good,D,SI1
987,0.32,Good,E,VS1
988,1.01,Good,F,VS2
989,0.72,Premium,I,SI1
990,0.71,Very Good,G,VS2
991,1.09,Ideal,E,SI2
992,0.63,Very Good,G,VS1
993,0.51,Ideal,D,VS1
994,1.01,Very Good,G,VS2
995,1.59,Premium,H,SI2
996,0.54,Premium,F,VS1
997,0.28,Very Good,G,VVS2
998,0.54,Very Good,G,VVS1
999,1.52,Ideal,H,SI1
1000,1.13,Ideal,I,VS2
1001,1.07,Ideal,G,VS2
1002,0.31,Ideal,H,VS2
1003,0.7,Ideal,G,VS2
1004,0.33,Ideal,H,VVS1
1005,1.65,Fair,J,SI1
1006,0.54,Ideal,G,VVS2
1007,0.71,Very Good,F,VS2
1008,0.7,Very Good,G,VS2
1009,2.05,Premium,H,VS2
1010,1,Good,G,SI1
1011,1.65,Ideal,G,VS2
1012,0.37,Good,H,VS2
1013,1.15,Premium,E,SI2
1014,0.57,Ideal,H,VS2
1015,0.72,Very Good,J,SI1
1016,0.71,Ideal,D,SI1
1017,0.7,Very Good,F,SI1
1018,1.38,Very Good,F,VS1
1019,0.73,Ideal,E,VVS2
1020,0.39,Very Good,E,VVS2
1021,2.14,Premium,D,SI2
1022,1.12,Very Good,E,VS2
1023,0.36,Very Good,D,SI1
1024,0.42,Very Good,D,VS1
1025,0.5,Ideal,I,SI1
1026,2,Premium,J,VS2
1027,0.3,Premium,F,VS2
1028,1.35,Premium,H,VS1
1029,1.57,Premium,G,SI1
1030,0.31,Premium,G,VS2
1031,0.33,Premium,E,VS2
1032,1.02,Premium,H,SI1
1033,1.01,Premium,G,VS2
1034,0.83,Ideal,H,SI2
1035,0.43,Very Good,G,SI1
1036,1.2,Premium,H,SI2
1037,1.01,Ideal,E,VS2
1038,1.23,Ideal,I,SI2
1039,0.53,Ideal,I,SI1
1040,1,Ideal,H,SI2
1041,0.4,Very Good,E,IF
1042,0.71,Premium,J,VVS2
1043,1.33,Very Good,H,SI2
1044,0.43,Very Good,G,SI2
1045,0.31,Very Good,G,VS1
1046,1.21,Ideal,J,SI1
1047,1.55,Premium,I,VS2
1048,0.8,Ideal,F,VS2
1049,0.71,Good,I,SI1
1050,0.46,Fair,G,VS2
1051,0.3,Ideal,I,SI1
1052,1.21,Good,J,VVS2
1053,2.14,Ideal,I,SI2
1054,0.7,Good,I,SI2
1055,1.03,Ideal,H,SI1
1056,1.06,Very Good,E,SI1
1057,1.41,Ideal,J,VS1
1058,0.3,Premium,H,VS1
1059,0.79,Very Good,I,SI1
1060,0.37,Good,H,SI1
1061,0.62,Premium,G,SI1
1062,0.7,Very Good,I,VS2
1063,0.39,Very Good,E,VVS2
1064,1.12,Premium,G,VVS2
1065,1.14,Very Good,E,IF
1066,0.9,Ideal,H,VS1
1067,0.5,Very Good,D,SI2
1068,0.75,Ideal,D,SI2
1069,0.38,Ideal,F,VVS2
1070,1.07,Good,J,VS2
1071,0.34,Very Good,D,SI2
1072,1.25,Ideal,E,SI2
1073,0.9,Fair,F,SI1
1074,2.74,Very Good,J,SI2
1075,0.71,Very Good,E,VS2
1076,0.33,Ideal,G,VS1
1077,0.91,Very Good,H,VS2
1078,0.33,Very Good,G,VVS2
1079,0.4,Very Good,E,SI1
1080,1.11,Premium,F,SI1
1081,0.24,Good,F,VVS1
1082,1.01,Very Good,G,SI1
1083,0.31,Very Good,H,VS1
1084,0.34,Very Good,F,VVS2
1085,0.64,Ideal,E,VS1
1086,1.01,Very Good,F,SI2
1087,0.7,Very Good,F,SI1
1088,1.11,Very Good,J,SI1
1089,0.7,Very Good,E,VS1
1090,0.43,Ideal,G,VS1
1091,0.91,Ideal,G,VS1
1092,0.94,Very Good,D,SI2
1093,0.3,Premium,G,IF
1094,0.31,Ideal,D,VS2
1095,1.51,Very Good,G,VS2
1096,1.04,Premium,D,VS1
1097,0.38,Ideal,H,VS1
1098,1.01,Good,F,VS2
1099,0.5,Fair,G,VS1
1100,0.52,Ideal,G,SI2
1101,1.05,Ideal,J,VS1
1102,1.54,Ideal,G,VVS2
1103,1,Premium,I,VS1
1104,1.52,Very Good,H,SI1
1105,1.12,Very Good,F,SI1
1106,0.73,Ideal,G,VS1
1107,1.08,Good,G,SI2
1108,0.36,Ideal,F,VS2
1109,1.01,Ideal,F,VS1
1110,0.55,Ideal,H,SI1
1111,0.9,Good,G,VS2
1112,0.43,Ideal,G,VVS1
1113,0.54,Ideal,I,SI2
1114,0.6,Premium,E,SI1
1115,1.2,Premium,H,SI1
1116,0.53,Good,F,VVS2
1117,3.01,Fair,H,I1
1118,0.58,Ideal,H,SI1
1119,0.63,Ideal,D,SI1
1120,0.52,Premium,I,VVS1
1121,1.07,Very Good,G,VS1
1122,0.3,Very Good,G,VVS1
1123,1.13,Good,F,SI2
1124,0.51,Good,H,VS2
1125,0.23,Good,E,VVS2
1126,0.46,Ideal,E,VVS1
1127,0.33,Ideal,E,SI1
1128,2.05,Premium,E,SI2
1129,0.3,Very Good,H,VS1
1130,0.69,Fair,G,VS1
1131,0.3,Ideal,F,IF
1132,0.41,Ideal,D,SI2
1133,0.9,Ideal,G,SI2
1134,0.41,Premium,F,VS1
1135,1.01,Very Good,E,VS2
1136,0.57,Very Good,G,SI1
1137,1.22,Very Good,H,VS1
1138,0.31,Premium,F,I1
1139,0.73,Ideal,E,VS2
1140,0.53,Ideal,G,VS2
1141,0.3,Very Good,D,VS2
1142,0.53,Very Good,D,VS1
1143,0.71,Very Good,H,SI1
1144,0.54,Premium,E,VS2
1145,0.41,Premium,E,VS1
1146,0.9,Ideal,E,SI2
1147,1.03,Very Good,F,SI2
1148,1.08,Premium,F,SI1
1149,0.32,Premium,D,VVS1
1150,0.43,Good,E,SI1
1151,0.7,Ideal,H,SI1
1152,0.74,Ideal,F,VVS1
1153,1.5,Premium,G,VVS2
1154,0.34,Ideal,F,VVS1
1155,0.57,Ideal,G,VS1
1156,1,Good,F,SI1
1157,0.7,Ideal,F,VS2
1158,1.01,Ideal,E,SI1
1159,0.25,Premium,H,VVS1
1160,0.53,Ideal,E,VVS1
1161,0.96,Very Good,E,VS2
1162,1.25,Ideal,H,VS2
1163,0.73,Ideal,E,SI2
1164,0.34,Very Good,E,SI1
1165,0.74,Premium,D,SI1
1166,1.11,Very Good,H,SI1
1167,0.54,Ideal,E,VVS2
1168,0.95,Very Good,G,VS1
1169,0.41,Ideal,I,VVS1
1170,0.28,Very Good,H,VVS1
1171,0.34,Premium,H,VVS1
1172,1.64,Premium,G,VS2
1173,0.71,Ideal,I,IF
1174,0.74,Very Good,D,VS2
1175,0.74,Ideal,G,VVS2
1176,0.6,Premium,H,SI1
1177,0.44,Ideal,D,VS1
1178,0.79,Very Good,F,SI1
1179,0.58,Ideal,I,SI1
1180,1,Good,E,VVS2
1181,0.34,Ideal,G,VS1
1182,0.31,Premium,F,VVS1
1183,0.31,Good,E,SI1
1184,1.81,Very Good,I,VS1
1185,0.3,Premium,G,VS1
1186,2.19,Premium,J,SI2
1187,0.91,Ideal,G,SI2
1188,0.37,Ideal,G,VS2
1189,1.57,Premium,G,VS2
1190,1,Premium,I,SI2
1191,1.09,Ideal,H,SI1
1192,0.31,Good,I,VS1
1193,0.5,Very Good,D,VS2
1194,0.41,Premium,E,VS1
1195,1.23,Ideal,H,SI1
1196,1.09,Premium,I,SI1
1197,0.4,Ideal,I,VS1
1198,0.42,Ideal,J,VS1
1199,1.02,Ideal,G,SI1
1200,1,Very Good,F,SI2
1201,0.26,Very Good,G,VS2
1202,0.23,Good,G,VVS1
1203,0.46,Premium,I,IF
1204,0.4,Good,E,SI2
1205,2.05,Ideal,G,SI2
1206,0.41,Ideal,E,VVS1
1207,2.03,Ideal,J,VS2
1208,2.28,Ideal,I,SI2
1209,0.72,Very Good,F,VVS1
1210,1.52,Good,I,VS2
1211,1.51,Premium,F,VS2
1212,1.14,Very Good,J,SI1
1213,0.51,Ideal,F,VS1
1214,0.3,Ideal,I,SI2
1215,0.31,Premium,G,VS2
1216,1.5,Very Good,D,SI1
1217,0.52,Ideal,E,VS2
1218,0.7,Fair,D,SI1
1219,0.3,Ideal,E,VVS1
1220,0.5,Fair,F,SI1
1221,1.54,Premium,H,VS2
1222,1.2,Ideal,D,SI1
1223,0.79,Very Good,E,SI2
1224,1.2,Good,E,VS2
1225,2.01,Premium,E,SI1
1226,0.72,Very Good,H,VS1
1227,1.1,Very Good,E,SI2
1228,0.23,Very Good,E,VVS2
1229,0.94,Ideal,F,I1
1230,2.16,Very Good,H,SI2
1231,0.27,Very Good,E,VVS2
1232,0.35,Ideal,E,SI1
1233,0.38,Ideal,G,VS1
1234,1.21,Very Good,F,VS1
1235,0.3,Premium,E,VVS2
1236,0.56,Ideal,D,VS2
1237,0.3,Good,H,SI2
1238,1.01,Premium,D,SI1
1239,0.34,Ideal,D,VS2
1240,0.32,Premium,E,VVS1
1241,1.01,Very Good,D,SI2
1242,0.31,Premium,E,SI1
1243,0.51,Ideal,G,SI1
1244,0.36,Premium,E,VS1
1245,0.5,Premium,D,SI1
1246,0.21,Premium,E,SI2
1247,0.9,Very Good,H,SI1
1248,1.03,Premium,E,SI2
1249,0.37,Ideal,F,SI1
1250,0.5,Premium,F,SI1
1251,1.01,Very Good,G,VS1
1252,0.84,Good,G,VS2
1253,0.76,Very Good,G,VS2
1254,0.23,Very Good,E,VVS1
1255,1.03,Premium,H,VS2
1256,0.9,Good,I,VS2
1257,0.32,Ideal,F,VVS1
1258,0.55,Ideal,F,VS2
1259,1.55,Premium,G,SI1
1260,0.35,Ideal,D,VS2
1261,1.51,Very Good,G,VS1
1262,0.38,Ideal,F,VS2
1263,0.33,Very Good,I,VVS2
1264,0.31,Ideal,G,IF
1265,0.3,Ideal,F,VS2
1266,1.22,Ideal,H,VS1
1267,0.4,Premium,F,VS1
1268,1.51,Very Good,J,I1
1269,1.01,Good,F,SI2
1270,0.51,Good,E,SI1
1271,0.32,Premium,F,VVS1
1272,1.28,Ideal,H,SI2
1273,0.33,Ideal,D,SI2
1274,1.11,Ideal,E,VS2
1275,2.21,Premium,G,SI2
1276,0.43,Good,F,SI1
1277,0.7,Premium,G,IF
1278,0.25,Very Good,F,IF
1279,0.5,Good,H,VS2
1280,0.24,Good,F,VS1
1281,0.3,Premium,E,SI1
1282,1.11,Very Good,H,SI2
1283,1.02,Fair,I,SI2
1284,0.31,Ideal,G,VVS1
1285,0.39,Ideal,G,VS1
1286,0.5,Premium,E,VS2
1287,0.7,Ideal,F,SI1
1288,0.32,Very Good,G,SI1
1289,0.3,Very Good,H,VS1
1290,0.41,Ideal,G,VVS2
1291,1.33,Fair,G,SI2
1292,0.3,Ideal,I,VVS1
1293,1.51,Premium,F,VS2
1294,0.38,Ideal,F,VVS1
1295,0.23,Very Good,D,VS2
1296,0.74,Ideal,G,VS2
1297,1.2,Very Good,H,SI2
1298,1.52,Ideal,G,SI1
1299,1.01,Ideal,G,VS2
1300,0.44,Ideal,E,VS2
1301,1.2,Premium,G,SI1
1302,1.3,Good,J,SI2
1303,0.31,Premium,H,SI1
1304,1.2,Ideal,G,VVS2
1305,0.79,Premium,D,SI1
1306,1.05,Ideal,F,VVS1
1307,0.7,Premium,G,SI2
1308,0.3,Very Good,J,VS2
1309,1.25,Ideal,G,VVS2
1310,2.07,Very Good,J,VS2
1311,1.52,Premium,F,VS2
1312,0.31,Ideal,G,VS2
1313,0.94,Ideal,F,SI2
1314,0.27,Very Good,E,VS2
1315,0.32,Ideal,G,IF
1316,0.35,Ideal,F,VS1
1317,1.2,Ideal,F,VVS1
1318,1.51,Premium,E,SI1
1319,0.4,Ideal,G,VS2
1320,0.33,Premium,G,VVS2
1321,1.51,Very Good,I,IF
1322,0.72,Premium,J,I1
1323,0.84,Very Good,G,VS2
1324,1.06,Very Good,F,SI1
1325,1.01,Premium,F,VS2
1326,0.38,Ideal,F,VVS2
1327,0.72,Ideal,H,VS1
1328,1.61,Very Good,E,SI2
1329,1.5,Very Good,J,VS1
1330,0.78,Good,J,SI1
1331,0.69,Fair,G,SI2
1332,0.32,Ideal,E,VS2
1333,0.51,Ideal,H,VVS2
1334,0.34,Ideal,F,VS1
1335,1.49,Very Good,F,I1
1336,0.5,Premium,F,VS1
1337,0.9,Good,E,SI1
1338,2.2,Premium,J,VS1
1339,0.51,Premium,G,VVS2
1340,2.38,Premium,H,SI1
1341,0.9,Premium,D,SI2
1342,1.05,Ideal,H,SI1
1343,0.61,Premium,I,VS2
1344,0.71,Very Good,H,VVS1
1345,1.01,Ideal,J,SI1
1346,0.4,Premium,H,VS2
1347,0.57,Premium,E,SI2
1348,1.74,Ideal,J,SI1
1349,0.37,Very Good,D,VS2
1350,0.53,Fair,E,SI1
1351,2.4,Fair,J,SI2
1352,0.71,Premium,E,SI1
1353,0.71,Fair,D,VS2
1354,0.51,Very Good,F,VS1
1355,0.95,Fair,J,SI1
1356,0.32,Good,F,VS2
1357,0.31,Premium,J,VS2
1358,0.9,Good,E,SI1
1359,0.51,Ideal,G,VVS2
1360,1.7,Premium,G,VS2
1361,0.31,Premium,E,VS2
1362,0.5,Very Good,E,VS2
1363,1.55,Very Good,D,SI2
1364,1.01,Very Good,E,SI1
1365,1.01,Very Good,E,SI1
1366,1.18,Ideal,I,SI1
1367,0.3,Ideal,F,VVS1
1368,0.76,Very Good,H,SI1
1369,0.92,Good,D,SI1
1370,0.72,Fair,H,SI2
1371,1.5,Very Good,D,VS2
1372,1.01,Ideal,H,SI1
1373,1.1,Ideal,H,SI1
1374,0.34,Very Good,F,SI2
1375,0.53,Ideal,E,SI1
1376,1.6,Premium,J,SI1
1377,0.31,Ideal,H,SI1
1378,0.31,Ideal,E,VS1
1379,1.5,Good,H,VS2
1380,1.02,Good,E,SI2
1381,1.01,Ideal,F,SI1
1382,0.4,Ideal,F,VVS2
1383,0.4,Ideal,E,VS2
1384,1.12,Premium,H,SI1
1385,0.31,Premium,H,SI1
1386,1.52,Premium,G,VVS2
1387,1.6,Ideal,I,SI2
1388,2,Premium,G,SI1
1389,0.58,Ideal,E,VS1
1390,2.06,Very Good,J,SI1
1391,0.56,Ideal,E,SI1
1392,0.51,Very Good,I,VS1
1393,1.01,Premium,H,VS2
1394,0.5,Very Good,J,VS2
1395,1.51,Ideal,G,VS1
1396,0.8,Premium,F,SI2
1397,0.52,Premium,G,VVS2
1398,1.48,Good,G,IF
1399,0.31,Ideal,D,VS2
1400,1.01,Ideal,D,SI2
1401,0.32,Very Good,H,SI1
1402,0.51,Premium,E,VS1
1403,0.71,Premium,H,SI2
1404,0.61,Very Good,I,VS2
1405,1.69,Premium,J,I1
1406,0.57,Ideal,E,VVS2
1407,1.22,Good,G,SI2
1408,1.38,Premium,J,SI1
1409,1.18,Ideal,I,VS1
1410,0.51,Ideal,G,VVS2
1411,1.7,Ideal,D,SI2
1412,0.4,Good,F,I1
1413,0.71,Ideal,F,VS1
1414,0.93,Good,G,SI1
1415,0.39,Very Good,I,VVS2
1416,1.01,Ideal,G,VVS2
1417,1.6,Premium,G,VS2
1418,0.32,Ideal,G,VVS1
1419,0.32,Good,D,SI2
1420,1,Very Good,E,SI2
1421,0.57,Ideal,E,VS2
1422,1,Premium,H,SI1
1423,0.53,Ideal,G,VVS2
1424,1.56,Premium,H,VS1
1425,0.5,Premium,G,VS1
1426,1.06,Ideal,G,VS2
1427,0.33,Premium,H,VS1
1428,0.9,Very Good,G,VVS2
1429,1,Premium,F,SI1
1430,0.31,Ideal,I,VVS1
1431,1.24,Ideal,H,SI2
1432,1.01,Ideal,D,VS2
1433,1.02,Ideal,G,VS1
1434,1.01,Premium,E,SI1
1435,0.53,Very Good,F,SI2
1436,0.53,Ideal,D,VS2
1437,1.58,Premium,F,SI2
1438,1.04,Premium,D,VVS2
1439,0.32,Ideal,E,IF
1440,0.58,Premium,G,VS2
1441,1.2,Ideal,E,VVS1
1442,1.07,Premium,F,SI2
1443,1.06,Very Good,F,SI1
1444,0.53,Ideal,G,VS2
1445,0.33,Ideal,F,VVS2
1446,0.7,Very Good,E,SI1
1447,1.21,Premium,G,VS2
1448,0.3,Very Good,D,SI1
1449,0.52,Ideal,H,SI1
1450,1.16,Good,F,SI2
1451,0.73,Very Good,G,SI1
1452,2.02,Ideal,J,VS2
1453,0.37,Ideal,G,VS1
1454,1.01,Very Good,G,SI1
1455,0.52,Ideal,D,VS2
1456,0.7,Good,E,VS2
1457,0.4,Ideal,D,VVS1
1458,1,Good,E,VS2
1459,1.21,Ideal,E,SI1
1460,1.08,Ideal,F,VS2
1461,0.4,Ideal,F,VVS1
1462,0.9,Very Good,F,VS2
1463,0.41,Ideal,I,VVS2
1464,1,Very Good,J,SI2
1465,0.5,Very Good,E,SI1
1466,1.19,Ideal,G,VVS1
1467,0.5,Very Good,E,SI1
1468,0.3,Premium,D,VS2
1469,2.01,Good,F,SI2
1470,0.32,Ideal,E,VVS2
1471,0.43,Ideal,F,VVS1
1472,0.31,Ideal,D,SI1
1473,2.07,Premium,J,VS2
1474,1.03,Ideal,E,SI1
1475,0.7,Very Good,D,VS2
1476,2.02,Very Good,G,SI2
1477,0.57,Very Good,J,IF
1478,1.13,Ideal,H,SI1
1479,0.51,Very Good,G,VS2
1480,0.27,Ideal,I,IF
1481,1.5,Premium,D,VS2
1482,1.03,Very Good,D,SI2
1483,1.51,Very Good,I,SI2
1484,0.72,Ideal,H,VVS1
1485,1.71,Premium,I,VS2
1486,0.4,Very Good,D,VS2
1487,1.51,Very Good,F,VVS2
1488,0.5,Ideal,H,SI1
1489,1.14,Premium,F,SI1
1490,0.33,Ideal,E,VS2
1491,1.6,Premium,F,SI1
1492,0.3,Good,E,VS2
1493,0.73,Ideal,E,SI1
1494,0.59,Very Good,G,SI1
1495,0.47,Ideal,H,VS2
1496,0.4,Premium,G,VVS2
1497,0.3,Ideal,F,VS2
1498,1.01,Very Good,H,VVS2
1499,0.72,Very Good,E,SI1
1500,0.63,Ideal,E,VS1
1501,1.53,Ideal,F,VS1
1502,0.4,Good,F,VS2
1503,1.2,Fair,G,I1
1504,0.78,Ideal,F,SI1
1505,0.27,Premium,E,VS1
1506,0.92,Very Good,D,SI1
1507,0.34,Ideal,E,IF
1508,0.26,Very Good,F,VVS1
1509,1.05,Ideal,H,SI1
1510,0.4,Very Good,F,VVS1
1511,2.01,Very Good,I,VVS2
1512,1.05,Ideal,I,SI1
1513,0.3,Ideal,E,VVS1
1514,0.47,Very Good,F,VVS2
1515,1.02,Good,D,VS1
1516,1.59,Premium,G,SI1
1517,1,Very Good,E,SI2
1518,2.15,Ideal,I,SI2
1519,0.4,Very Good,E,SI1
1520,1.01,Premium,E,VS1
1521,1.6,Ideal,G,SI1
1522,2.01,Ideal,G,SI1
1523,0.3,Ideal,E,VS2
1524,0.42,Ideal,D,VVS2
1525,0.4,Very Good,F,VVS1
1526,0.76,Very Good,H,VS2
1527,0.41,Ideal,F,VS2
1528,0.56,Ideal,H,VVS1
1529,0.7,Good,F,SI1
1530,2.29,Premium,G,SI2
1531,1.05,Fair,I,VS1
1532,1.52,Very Good,H,VVS2
1533,0.4,Very Good,H,VVS1
1534,1.2,Premium,G,SI2
1535,0.26,Ideal,I,VS2
1536,1.74,Ideal,F,SI1
1537,0.71,Fair,D,VS2
1538,1.22,Ideal,H,SI2
1539,0.41,Premium,E,VS1
1540,0.31,Fair,G,VS1
1541,1.01,Good,E,SI1
1542,1.02,Very Good,E,SI1
1543,1.23,Premium,I,SI2
1544,0.63,Good,F,VS1
1545,0.75,Ideal,E,SI2
1546,0.43,Very Good,G,VVS1
1547,1.24,Ideal,H,SI1
1548,0.5,Premium,G,VS1
1549,1.01,Ideal,D,VVS2
1550,0.31,Premium,E,SI2
1551,0.7,Very Good,E,VS2
1552,0.38,Premium,I,SI2
1553,2.29,Premium,G,SI2
1554,0.85,Fair,I,SI1
1555,0.32,Ideal,E,VS1
1556,1.01,Very Good,G,VS2
1557,0.31,Ideal,G,VVS2
1558,0.52,Premium,E,VS2
1559,0.4,Ideal,D,VVS2
1560,0.7,Very Good,H,VS2
1561,1.31,Premium,D,VVS1
1562,0.5,Premium,G,VVS2
1563,1.5,Premium,H,VS2
1564,0.7,Premium,F,SI1
1565,0.31,Very Good,I,VVS1
1566,1,Good,G,SI1
1567,0.41,Premium,E,VS1
1568,1.04,Premium,G,SI2
1569,0.32,Very Good,H,SI2
1570,0.78,Very Good,I,SI1
1571,1.01,Very Good,D,VS2
1572,0.9,Good,F,SI2
1573,0.9,Premium,G,VS2
1574,1.71,Very Good,F,SI1
1575,0.41,Ideal,F,IF
1576,1,Ideal,H,SI2
1577,0.56,Ideal,G,VVS2
1578,0.43,Premium,G,VS1
1579,0.95,Ideal,G,VS2
1580,0.83,Ideal,I,SI2
1581,0.51,Ideal,D,VS2
1582,0.7,Fair,D,SI2
1583,0.41,Premium,F,VS1
1584,0.32,Ideal,G,IF
1585,0.7,Very Good,G,VS2
1586,0.7,Premium,D,SI1
1587,0.53,Ideal,H,VS1
1588,0.9,Good,E,SI1
1589,0.72,Premium,F,SI1
1590,0.3,Very Good,D,SI2
1591,1,Premium,E,VS2
1592,1.57,Very Good,J,VS2
1593,0.51,Ideal,D,VS2
1594,1.3,Fair,H,I1
1595,1.07,Ideal,E,VVS2
1596,1.55,Ideal,J,VS2
1597,0.9,Premium,H,I1
1598,0.72,Premium,D,SI2
1599,1,Premium,E,SI2
1600,0.55,Ideal,F,SI1
1601,1.36,Good,G,SI1
1602,0.26,Premium,H,VVS2
1603,1.08,Ideal,H,SI2
1604,0.79,Ideal,G,SI1
1605,0.9,Very Good,J,VS2
1606,0.9,Very Good,E,SI1
1607,1.13,Fair,F,VS1
1608,1,Good,H,SI2
1609,1.51,Ideal,G,VVS2
1610,1.2,Ideal,F,VS1
1611,1.01,Very Good,F,SI1
1612,1.03,Ideal,I,SI2
1613,0.9,Ideal,F,SI1
1614,0.38,Premium,D,VVS2
1615,0.84,Ideal,J,SI1
1616,0.39,Ideal,F,VVS1
1617,0.33,Ideal,G,VVS2
1618,0.7,Ideal,E,VS2
1619,0.75,Ideal,H,SI1
1620,0.42,Ideal,G,VS2
1621,1.03,Ideal,F,VVS2
1622,0.81,Premium,I,VVS2
1623,0.31,Ideal,G,VVS1
1624,1.15,Very Good,E,SI2
1625,0.29,Very Good,E,VS1
1626,1,Good,J,VS2
1627,0.9,Very Good,H,SI2
1628,0.55,Ideal,D,VS2
1629,2.11,Ideal,D,SI2
1630,1,Very Good,G,VVS2
1631,0.37,Good,E,VS2
1632,0.5,Ideal,D,VS2
1633,0.3,Ideal,I,VS1
1634,0.7,Very Good,F,SI1
1635,0.9,Premium,E,SI1
1636,0.41,Ideal,I,VS2
1637,0.33,Premium,G,VVS2
1638,0.68,Premium,D,SI1
1639,0.73,Very Good,G,SI2
1640,0.52,Ideal,E,SI1
1641,0.47,Fair,E,SI1
1642,0.71,Good,H,SI1
1643,0.7,Very Good,I,VS2
1644,0.94,Very Good,D,SI1
1645,0.41,Premium,G,SI1
1646,0.41,Premium,E,SI1
1647,0.34,Ideal,H,VS1
1648,0.75,Very Good,E,SI1
1649,2.01,Premium,I,SI2
1650,1,Ideal,G,VVS2
1651,1.21,Very Good,H,VS1
1652,0.74,Very Good,D,SI2
1653,0.42,Good,F,SI1
1654,0.51,Ideal,D,VVS2
1655,1.57,Very Good,H,VS2
1656,1,Premium,F,SI1
1657,0.7,Ideal,G,VS1
1658,0.92,Ideal,E,SI1
1659,0.41,Ideal,G,VS1
1660,0.65,Very Good,H,VVS1
1661,0.3,Premium,J,VS1
1662,0.94,Ideal,D,SI2
1663,0.32,Good,G,VS2
1664,1.2,Ideal,I,SI1
1665,1,Ideal,G,VVS2
1666,1.01,Premium,G,VS2
1667,0.37,Ideal,F,VVS1
1668,1.55,Good,J,VS1
1669,0.52,Good,E,SI1
1670,0.51,Ideal,G,VS1
1671,0.5,Good,E,SI1
1672,1.21,Very Good,D,SI2
1673,1.01,Premium,E,SI2
1674,1.12,Ideal,F,VVS2
1675,1.26,Ideal,H,SI1
1676,0.72,Ideal,F,SI2
1677,1.03,Ideal,G,SI1
1678,0.32,Ideal,F,IF
1679,0.3,Premium,G,VVS2
1680,0.72,Good,F,VS2
1681,0.76,Premium,E,SI2
1682,1.02,Premium,H,VS2
1683,1.7,Premium,I,VS2
1684,0.41,Ideal,I,VS1
1685,2.09,Very Good,F,SI2
1686,1.08,Ideal,G,IF
1687,1.06,Premium,H,VS2
1688,1.26,Very Good,I,VS1
1689,0.8,Very Good,J,VS1
1690,1,Very Good,E,VS2
1691,0.3,Ideal,H,VS2
1692,0.42,Very Good,E,SI1
1693,0.93,Ideal,D,SI2
1694,0.3,Good,I,VVS1
1695,0.3,Ideal,G,IF
1696,0.43,Very Good,G,VS1
1697,0.71,Good,I,VVS2
1698,0.41,Good,E,VVS2
1699,0.95,Premium,G,SI2
1700,2,Very Good,G,SI2
1701,1.05,Very Good,G,VS2
1702,0.34,Very Good,I,SI1
1703,2,Premium,J,I1
1704,1.04,Very Good,F,VS2
1705,0.52,Ideal,G,SI1
1706,2.07,Very Good,H,SI2
1707,0.91,Fair,H,SI2
1708,0.5,Ideal,H,SI1
1709,1.51,Premium,E,SI2
1710,0.3,Good,F,VVS1
1711,0.55,Ideal,G,VS2
1712,1.2,Premium,E,VVS2
1713,1.01,Premium,H,VS2
1714,0.51,Ideal,G,VVS2
1715,0.53,Ideal,I,VS1
1716,1.2,Ideal,E,VVS1
1717,0.71,Very Good,H,VVS2
1718,0.32,Very Good,G,VVS1
1719,2.13,Ideal,I,SI2
1720,1.1,Ideal,G,VS1
1721,0.7,Ideal,H,VVS2
1722,0.3,Premium,D,SI1
1723,0.48,Very Good,E,SI1
1724,0.3,Ideal,D,SI1
1725,0.32,Ideal,F,VS2
1726,0.71,Ideal,D,VS1
1727,1.25,Ideal,F,VS1
1728,0.51,Ideal,I,VVS2
1729,0.73,Very Good,H,VS1
1730,0.41,Good,G,VVS1
1731,1.23,Ideal,F,VVS2
1732,0.55,Ideal,I,VVS1
1733,0.58,Very Good,D,SI1
1734,0.97,Premium,D,SI1
1735,0.33,Ideal,E,VS2
1736,0.33,Ideal,G,VVS2
1737,0.41,Ideal,J,VS1
1738,0.27,Ideal,F,VVS1
1739,0.3,Very Good,G,SI1
1740,0.52,Ideal,E,VVS2
1741,0.42,Ideal,E,VVS1
1742,1.01,Good,E,SI2
1743,0.39,Ideal,G,VVS1
1744,0.43,Very Good,E,SI1
1745,0.72,Ideal,F,VVS2
1746,0.23,Very Good,H,VVS1
1747,0.79,Very Good,D,VS1
1748,0.35,Ideal,G,IF
1749,0.24,Very Good,J,VVS2
1750,0.68,Very Good,F,VVS2
1751,1.02,Very Good,E,VS1
1752,0.71,Ideal,F,SI2
1753,0.76,Premium,I,VVS1
1754,0.41,Ideal,G,VVS2
1755,0.7,Very Good,G,SI2
1756,2.41,Premium,H,SI2
1757,0.61,Good,H,VVS2
1758,1,Ideal,D,SI1
1759,0.71,Ideal,D,VS2
1760,1.13,Very Good,F,SI1
1761,0.41,Ideal,E,VS2
1762,0.76,Very Good,H,SI1
1763,0.97,Ideal,I,I1
1764,0.62,Premium,G,I1
1765,0.9,Good,F,SI1
1766,0.79,Very Good,E,VS2
1767,0.3,Ideal,E,SI1
1768,0.31,Ideal,G,VVS1
1769,0.32,Ideal,D,VS2
1770,1.04,Good,D,SI1
1771,1.21,Ideal,G,VVS1
1772,1.02,Fair,G,SI1
1773,0.35,Ideal,E,VS2
1774,0.32,Ideal,D,SI1
1775,1.02,Premium,F,VS1
1776,0.36,Premium,E,SI2
1777,0.38,Premium,G,VS1
1778,1.05,Premium,H,SI1
1779,0.41,Good,E,SI2
1780,1.05,Very Good,D,VS2
1781,1.52,Premium,H,SI1
1782,0.9,Ideal,H,SI1
1783,1.15,Premium,H,SI2
1784,0.94,Ideal,D,SI1
1785,0.7,Premium,G,VS1
1786,0.5,Ideal,D,VVS2
1787,0.64,Ideal,G,VVS2
1788,0.55,Ideal,I,VS2
1789,0.38,Ideal,F,VS2
1790,0.53,Ideal,D,VS2
1791,1.68,Good,E,I1
1792,1.22,Premium,H,SI1
1793,2,Fair,H,SI2
1794,1.01,Premium,F,SI2
1795,0.9,Ideal,H,SI2
1796,0.26,Ideal,H,VS1
1797,1.01,Ideal,E,SI2
1798,0.92,Very Good,F,SI1
1799,1.5,Premium,E,SI2
1800,1.34,Very Good,H,VS2
1801,0.31,Ideal,D,VS2
1802,0.61,Good,F,VS1
1803,0.4,Good,F,SI1
1804,0.3,Ideal,H,VS2
1805,0.95,Ideal,E,SI2
1806,0.32,Ideal,G,VS1
1807,1.66,Good,J,VS2
1808,1.22,Premium,D,VS2
1809,2.53,Premium,H,SI2
1810,0.3,Ideal,H,VS1
1811,0.25,Very Good,H,VVS2
1812,0.73,Ideal,G,VS1
1813,0.3,Very Good,I,IF
1814,1.31,Premium,I,SI2
1815,1.01,Very Good,F,VS2
1816,0.41,Very Good,D,VS2
1817,0.37,Premium,G,SI1
1818,0.3,Very Good,F,VVS1
1819,0.51,Premium,E,VS2
1820,2.56,Good,J,SI2
1821,0.38,Premium,H,SI1
1822,0.38,Very Good,G,VS1
1823,0.58,Ideal,G,VS2
1824,0.74,Ideal,G,SI2
1825,0.31,Ideal,I,SI1
1826,1,Good,G,VS2
1827,0.31,Very Good,H,VS2
1828,0.61,Premium,F,VVS2
1829,0.81,Ideal,F,VS2
1830,0.58,Ideal,F,SI1
1831,0.38,Very Good,F,VS2
1832,0.54,Ideal,E,SI1
1833,0.57,Very Good,E,VS2
1834,1.01,Premium,G,SI1
1835,0.57,Fair,F,VS1
1836,0.73,Premium,E,SI1
1837,1.18,Ideal,E,SI2
1838,0.31,Ideal,F,IF
1839,0.3,Ideal,H,VS1
1840,0.34,Ideal,E,VS2
1841,0.7,Very Good,G,SI2
1842,0.3,Ideal,G,VS1
1843,0.58,Ideal,E,VVS2
1844,1.24,Ideal,E,VS2
1845,1.23,Very Good,F,VS1
1846,0.57,Ideal,E,SI1
1847,0.32,Ideal,E,VVS1
1848,0.9,Ideal,G,VVS1
1849,0.39,Ideal,E,VVS2
1850,0.8,Ideal,H,SI1
1851,1.14,Ideal,G,VS1
1852,0.72,Very Good,G,VS1
1853,0.31,Ideal,E,VS2
1854,0.54,Ideal,D,SI1
1855,0.32,Ideal,I,VS2
1856,0.32,Ideal,D,VS2
1857,0.27,Ideal,E,VS2
1858,1.06,Ideal,F,I1
1859,1.01,Premium,F,VS2
1860,1.04,Premium,G,SI2
1861,0.25,Premium,E,VVS2
1862,0.3,Ideal,H,VS2
1863,0.51,Premium,G,SI2
1864,0.73,Ideal,I,VS1
1865,0.44,Ideal,I,VS1
1866,0.33,Very Good,I,SI1
1867,0.7,Very Good,E,SI1
1868,1,Good,H,VVS2
1869,0.3,Ideal,G,VVS1
1870,0.76,Premium,E,SI2
1871,0.79,Ideal,F,SI1
1872,0.76,Ideal,F,VS2
1873,0.51,Ideal,F,VS1
1874,0.53,Ideal,D,VS2
1875,0.56,Fair,E,VVS2
1876,0.31,Ideal,F,VVS1
1877,0.41,Premium,E,VS1
1878,0.54,Ideal,F,VS2
1879,1,Very Good,G,SI1
1880,1.01,Very Good,H,SI1
1881,1.65,Ideal,G,VS1
1882,0.24,Ideal,F,IF
1883,0.33,Ideal,E,SI1
1884,0.78,Ideal,F,VS2
1885,1.01,Very Good,G,VS2
1886,0.74,Very Good,E,SI2
1887,0.51,Premium,D,VS1
1888,2.01,Good,I,SI1
1889,0.34,Ideal,G,SI1
1890,1.23,Ideal,I,SI1
1891,0.39,Ideal,F,VVS2
1892,1.5,Very Good,H,VS1
1893,0.31,Ideal,E,VVS1
1894,0.34,Ideal,D,VS2
1895,0.34,Ideal,G,IF
1896,0.33,Ideal,G,VS1
1897,0.3,Ideal,H,SI1
1898,0.28,Ideal,D,VS2
1899,0.35,Very Good,D,VS1
1900,0.3,Ideal,F,IF
1901,1.4,Ideal,J,SI1
1902,0.35,Premium,E,SI1
1903,0.42,Premium,G,SI1
1904,1.75,Ideal,I,SI1
1905,0.42,Ideal,E,SI2
1906,1.26,Ideal,G,VS1
1907,1.25,Ideal,J,VS1
1908,1.01,Premium,E,SI1
1909,0.23,Good,E,VVS1
1910,1.15,Ideal,J,VS1
1911,1.02,Premium,I,SI2
1912,0.39,Ideal,H,IF
1913,0.37,Premium,I,VVS1
1914,0.9,Good,H,SI1
1915,0.27,Very Good,G,VVS1
1916,0.53,Premium,F,I1
1917,0.57,Premium,G,VS1
1918,0.76,Premium,H,SI1
1919,1.02,Ideal,J,SI2
1920,0.58,Premium,E,VS2
1921,0.7,Good,D,SI2
1922,0.32,Good,D,SI1
1923,0.72,Very Good,E,VS2
1924,0.73,Premium,E,VS2
1925,1.02,Very Good,G,VS2
1926,0.4,Very Good,D,VS2
1927,0.31,Ideal,H,VS1
1928,1.04,Ideal,G,VS2
1929,0.71,Very Good,F,VS2
1930,0.34,Premium,I,VVS1
1931,0.3,Very Good,G,VVS1
1932,0.71,Premium,D,VS2
1933,2.28,Premium,H,SI2
1934,0.72,Very Good,E,SI1
1935,0.91,Good,E,VS2
1936,0.5,Very Good,E,VS1
1937,0.91,Premium,F,SI2
1938,0.3,Ideal,E,VS2
1939,0.41,Premium,E,SI2
1940,0.71,Premium,I,VVS1
1941,0.92,Good,E,SI1
1942,0.3,Ideal,D,VS2
1943,0.7,Premium,H,SI1
1944,2.36,Premium,H,SI2
1945,0.35,Ideal,I,IF
1946,0.7,Ideal,E,VS1
1947,0.81,Ideal,J,VS2
1948,0.53,Ideal,G,SI2
1949,1.07,Ideal,G,SI1
1950,1.51,Very Good,J,VS1
1951,0.31,Ideal,F,VS2
1952,1.61,Premium,H,SI1
1953,0.3,Good,G,VVS2
1954,0.39,Ideal,D,VVS2
1955,0.43,Ideal,E,VVS2
1956,1.04,Premium,I,SI1
1957,0.35,Ideal,E,VS2
1958,1.02,Very Good,F,SI1
1959,0.92,Ideal,G,VS2
1960,0.9,Very Good,F,VS1
1961,0.59,Very Good,D,SI1
1962,1.09,Ideal,H,SI1
1963,0.5,Ideal,E,VS2
1964,0.81,Premium,H,SI2
1965,0.54,Good,H,VS1
1966,0.52,Ideal,D,VS2
1967,0.92,Premium,F,SI2
1968,2.12,Very Good,H,SI2
1969,2.01,Good,I,SI2
1970,1.2,Very Good,F,VVS2
1971,1.18,Premium,G,SI2
1972,0.61,Ideal,F,VS1
1973,1.06,Very Good,F,VS2
1974,0.42,Premium,H,VVS1
1975,0.51,Premium,D,VS2
1976,0.3,Ideal,E,VVS1
1977,0.31,Ideal,E,VS2
1978,1.11,Very Good,H,SI1
1979,0.31,Premium,H,VVS2
1980,0.72,Ideal,G,VS2
1981,0.76,Very Good,I,SI1
1982,0.35,Premium,F,VS2
1983,0.8,Good,G,VS2
1984,1.02,Premium,D,SI2
1985,0.7,Ideal,F,SI1
1986,1.13,Ideal,G,VS2
1987,1.01,Fair,E,SI2
1988,0.57,Very Good,D,SI1
1989,2.01,Good,G,SI2
1990,0.52,Ideal,G,SI2
1991,1.51,Good,I,SI1
1992,1.64,Ideal,G,VVS2
1993,0.8,Fair,G,SI2
1994,0.3,Good,D,VS2
1995,0.43,Ideal,G,IF
1996,0.32,Ideal,G,VS2
1997,0.31,Ideal,E,VS1
1998,2.16,Ideal,I,SI2
1999,0.6,Ideal,G,VS2
2000,1.25,Very Good,I,SI1
2001,1.71,Premium,G,SI1
2002,0.42,Ideal,F,VVS2
2003,0.31,Good,F,SI1
2004,0.9,Good,D,SI1
2005,0.31,Good,F,VVS2
2006,0.55,Very Good,E,VS2
2007,1.32,Very Good,G,SI2
2008,0.79,Ideal,F,SI2
2009,0.4,Ideal,F,VS2
2010,0.31,Ideal,G,VVS1
2011,0.7,Very Good,F,SI1
2012,0.9,Good,D,VS2
2013,0.36,Premium,E,VS2
2014,0.51,Very Good,E,VS2
2015,0.34,Ideal,G,SI1
2016,0.31,Very Good,G,SI1
2017,0.41,Premium,F,VS2
2018,1.73,Premium,H,SI1
2019,0.31,Ideal,F,IF
2020,0.28,Ideal,E,VVS2
2021,0.32,Very Good,D,SI1
2022,0.51,Very Good,G,VS2
2023,1.21,Ideal,F,SI2
2024,0.71,Very Good,D,VS2
2025,0.9,Very Good,E,SI1
2026,0.92,Premium,J,VS2
2027,0.41,Ideal,E,VS2
2028,1.11,Premium,G,SI2
2029,0.58,Premium,E,VS2
2030,0.25,Very Good,G,VS2
2031,1,Good,E,SI2
2032,1.01,Very Good,G,VS1
2033,0.37,Very Good,D,VVS1
2034,1.15,Ideal,G,VVS1
2035,1.2,Ideal,G,VS1
2036,1.5,Good,H,VS1
2037,1.5,Ideal,H,VS1
2038,0.84,Good,G,SI1
2039,0.51,Premium,F,VVS2
2040,1.54,Ideal,G,SI2
2041,0.35,Good,E,VS1
2042,1.01,Premium,G,VS2
2043,1.11,Very Good,F,VVS1
2044,1.16,Premium,G,VVS1
2045,1.01,Fair,G,SI1
2046,1.26,Ideal,J,SI1
2047,1.03,Ideal,G,VVS1
2048,0.53,Ideal,E,VS2
2049,0.3,Ideal,D,VS1
2050,1.06,Premium,G,SI2
2051,1.22,Premium,H,VS1
2052,0.39,Very Good,E,VS1
2053,0.7,Very Good,F,VS2
2054,1.5,Premium,E,SI1
2055,0.72,Very Good,E,SI1
2056,1.03,Ideal,G,SI1
2057,0.31,Good,G,SI1
2058,2.51,Very Good,I,SI2
2059,2.63,Ideal,J,SI2
2060,1.27,Ideal,G,VS2
2061,0.81,Premium,D,SI1
2062,0.9,Ideal,G,SI1
2063,0.33,Ideal,E,VS2
2064,1.61,Ideal,G,VS1
2065,0.36,Ideal,F,VS2
2066,1.3,Premium,D,SI1
2067,0.9,Fair,H,VS2
2068,1,Good,D,SI1
2069,1.52,Very Good,D,SI2
2070,0.55,Very Good,D,VS2
2071,1,Very Good,I,VS1
2072,0.34,Premium,I,VVS1
2073,0.53,Very Good,F,VS2
2074,0.7,Premium,F,SI1
2075,1.18,Premium,I,VS1
2076,0.42,Ideal,G,SI1
2077,2.26,Ideal,I,SI2
2078,0.42,Very Good,H,VS2
2079,0.73,Ideal,I,VS1
2080,0.31,Ideal,E,VS2
2081,0.74,Ideal,F,VS1
2082,1.31,Premium,J,SI1
2083,1.01,Good,E,VS2
2084,0.4,Premium,F,SI1
2085,0.4,Very Good,E,VS2
2086,1.52,Very Good,F,VS2
2087,0.32,Premium,G,SI1
2088,0.3,Ideal,E,SI1
2089,0.61,Ideal,E,VS1
2090,2,Very Good,J,SI1
2091,0.51,Ideal,D,VS1
2092,0.7,Ideal,F,SI1
2093,0.91,Very Good,D,SI2
2094,0.71,Very Good,G,VVS2
2095,0.42,Ideal,D,VS2
2096,1.56,Very Good,H,SI2
2097,0.33,Ideal,E,VS2
2098,0.54,Ideal,F,VS1
2099,0.36,Ideal,E,SI1
2100,1.21,Premium,H,VS1
2101,0.27,Very Good,D,VS2
2102,2.07,Premium,H,SI1
2103,0.3,Very Good,I,VS2
2104,0.31,Very Good,G,VVS1
2105,1.51,Premium,E,SI1
2106,0.41,Premium,D,SI2
2107,0.43,Ideal,F,SI1
2108,2.02,Premium,F,SI2
2109,0.71,Very Good,I,VS1
2110,0.25,Ideal,I,VS2
2111,0.3,Ideal,G,VVS1
2112,0.48,Premium,F,VS2
2113,0.73,Ideal,G,VS2
2114,0.35,Ideal,H,VVS1
2115,0.73,Premium,E,SI2
2116,0.72,Ideal,H,VVS2
2117,0.6,Very Good,E,SI2
2118,1.5,Very Good,E,SI2
2119,0.31,Ideal,G,VVS1
2120,1,Good,F,SI1
2121,0.78,Good,F,VS1
2122,1.76,Ideal,I,VS1
2123,0.9,Premium,E,SI1
2124,1,Good,D,VS2
2125,0.7,Premium,G,SI1
2126,0.41,Premium,G,VVS2
2127,0.52,Ideal,D,VS1
2128,0.64,Premium,D,SI2
2129,0.91,Premium,E,SI1
2130,0.51,Ideal,D,VS2
2131,0.3,Good,E,VVS2
2132,0.47,Good,F,VS1
2133,0.71,Ideal,F,VVS1
2134,0.31,Ideal,F,VVS2
2135,0.3,Ideal,H,VVS2
2136,1,Premium,H,SI1
2137,0.33,Ideal,E,VS2
2138,1.04,Premium,F,SI2
2139,0.71,Very Good,E,VS2
2140,1.05,Very Good,E,SI2
2141,0.42,Ideal,H,VVS1
2142,0.33,Very Good,H,IF
2143,0.32,Premium,I,VS2
2144,1.01,Good,I,SI2
2145,0.5,Ideal,G,VVS1
2146,0.3,Premium,E,VS1
2147,0.53,Ideal,D,VS2
2148,1.04,Ideal,F,SI1
2149,0.7,Ideal,E,VS1
2150,0.36,Premium,D,VS2
2151,0.27,Ideal,E,VS2
2152,0.39,Ideal,E,VS2
2153,0.68,Ideal,E,VS1
2154,0.7,Ideal,F,VS2
2155,0.31,Ideal,F,IF
2156,0.4,Ideal,F,VS1
2157,0.43,Ideal,F,SI1
2158,0.24,Very Good,F,VVS1
2159,1,Premium,E,SI1
2160,1.61,Premium,J,SI2
2161,0.3,Very Good,J,VS1
2162,1,Ideal,D,SI1
2163,0.71,Premium,E,SI2
2164,1.01,Ideal,H,SI1
2165,1,Very Good,F,SI2
2166,0.46,Very Good,D,VS2
2167,0.92,Good,H,VS1
2168,1.61,Premium,I,SI1
2169,0.31,Very Good,I,VVS2
2170,0.31,Ideal,D,VVS2
2171,0.77,Ideal,H,VS2
2172,1.2,Very Good,J,SI1
2173,0.78,Ideal,G,SI1
2174,0.4,Ideal,E,SI2
2175,0.56,Ideal,G,VS1
2176,0.31,Premium,H,IF
2177,0.41,Ideal,H,VVS1
2178,0.32,Premium,I,SI1
2179,0.38,Ideal,E,VS1
2180,0.3,Ideal,E,VS2
2181,1.25,Ideal,I,VS2
2182,1.79,Premium,I,VS1
2183,0.43,Ideal,D,VS2
2184,0.35,Ideal,E,VS2
2185,0.31,Premium,E,IF
2186,0.71,Premium,F,SI1
2187,0.51,Fair,G,SI1
2188,0.32,Ideal,D,VS2
2189,0.53,Ideal,D,SI2
2190,1,Very Good,E,SI2
2191,0.7,Ideal,E,SI1
2192,1.7,Very Good,H,SI2
2193,1.17,Ideal,G,VS2
2194,0.8,Very Good,H,VS2
2195,0.38,Premium,F,SI1
2196,0.3,Ideal,G,SI2
2197,0.55,Ideal,E,SI1
2198,0.7,Fair,H,VS1
2199,0.31,Ideal,D,VS2
2200,2.01,Very Good,H,I1
2201,0.63,Ideal,J,SI2
2202,0.7,Fair,F,VS1
2203,1.59,Ideal,H,VS2
2204,0.38,Ideal,F,SI1
2205,0.5,Ideal,G,VVS2
2206,1,Good,H,VS1
2207,0.52,Ideal,D,SI1
2208,0.31,Ideal,E,VS2
2209,0.41,Premium,G,VS2
2210,1.21,Premium,E,SI2
2211,0.64,Premium,F,VS2
2212,0.7,Very Good,F,VS2
2213,0.31,Good,H,VS2
2214,0.82,Ideal,H,VVS1
2215,1.06,Ideal,E,SI2
2216,0.54,Very Good,E,SI1
2217,1.52,Very Good,F,SI2
2218,1.5,Very Good,J,VVS2
2219,0.59,Very Good,D,VS1
2220,1.17,Very Good,H,SI1
2221,0.8,Ideal,D,SI1
2222,1.03,Premium,H,SI2
2223,0.51,Ideal,G,VVS1
2224,0.73,Ideal,G,SI2
2225,0.51,Ideal,E,SI1
2226,0.31,Premium,G,VS2
2227,0.38,Very Good,I,VS1
2228,1.52,Good,J,VS2
2229,1.24,Premium,G,IF
2230,1.02,Ideal,H,SI1
2231,0.3,Ideal,I,VVS2
2232,0.39,Premium,E,VS2
2233,0.76,Good,D,VS2
2234,0.52,Premium,F,VS2
2235,1.02,Premium,E,VS2
2236,0.4,Ideal,G,VS2
2237,0.52,Ideal,D,VVS2
2238,0.52,Very Good,D,VS2
2239,0.63,Premium,F,SI1
2240,0.32,Premium,E,VVS2
2241,0.4,Premium,D,VVS2
2242,0.74,Ideal,E,SI2
2243,1.07,Ideal,H,SI2
2244,3.01,Good,I,SI2
2245,0.31,Premium,G,VVS2
2246,0.54,Ideal,J,VVS1
2247,0.7,Very Good,G,SI1
2248,2.48,Premium,I,SI1
2249,0.3,Ideal,H,VS2
2250,0.9,Good,I,SI2
2251,0.33,Premium,G,VVS1
2252,1.3,Premium,G,VS2
2253,1.14,Good,G,SI2
2254,0.62,Ideal,H,VVS1
2255,0.31,Premium,E,VS1
2256,0.3,Ideal,G,IF
2257,1.02,Ideal,E,SI1
2258,0.53,Ideal,G,VS2
2259,1.08,Premium,G,SI2
2260,1.01,Premium,F,SI2
2261,1.13,Fair,H,SI2
2262,1.7,Ideal,F,VS2
2263,0.42,Ideal,F,VS1
2264,1.08,Ideal,E,VS1
2265,0.77,Premium,J,VS2
2266,1.11,Ideal,G,VS2
2267,1.12,Ideal,E,SI2
2268,1.2,Premium,H,VS1
2269,1.02,Very Good,F,VS1
2270,0.33,Ideal,G,VVS2
2271,0.31,Very Good,G,VVS1
2272,1.25,Premium,J,SI1
2273,1.25,Premium,H,VS2
2274,0.3,Ideal,E,VVS2
2275,1.11,Ideal,G,VS2
2276,0.61,Ideal,F,VS2
2277,1.26,Very Good,G,SI1
2278,0.32,Ideal,D,SI1
2279,1.5,Premium,I,VS1
2280,0.39,Ideal,F,SI1
2281,1.73,Premium,H,SI2
2282,1,Ideal,I,SI2
2283,2.39,Very Good,J,VS1
2284,1.52,Premium,H,SI1
2285,0.33,Ideal,D,SI2
2286,0.31,Ideal,I,VVS1
2287,1.2,Very Good,F,SI1
2288,0.36,Ideal,D,VVS2
2289,0.31,Ideal,I,VS2
2290,0.37,Ideal,E,VS2
2291,2.59,Ideal,J,VS1
2292,0.56,Ideal,E,VS2
2293,1.01,Premium,F,SI1
2294,0.71,Ideal,F,SI1
2295,0.4,Very Good,G,SI2
2296,1.02,Ideal,E,SI1
2297,0.38,Very Good,H,SI2
2298,1.01,Premium,G,SI2
2299,0.84,Ideal,J,VS2
2300,0.83,Premium,J,SI1
2301,0.31,Premium,I,VVS2
2302,2.01,Premium,J,SI2
2303,0.43,Ideal,F,VVS1
2304,0.34,Ideal,F,VS2
2305,0.33,Ideal,E,VS1
2306,1,Very Good,D,SI2
2307,0.28,Ideal,G,SI1
2308,0.4,Ideal,G,VVS2
2309,1.08,Ideal,H,SI1
2310,1.19,Fair,I,SI1
2311,1.51,Very Good,F,VS1
2312,0.91,Very Good,E,SI2
2313,0.43,Premium,G,VS2
2314,1.01,Ideal,E,VS2
2315,0.53,Ideal,F,VS2
2316,0.33,Very Good,D,VVS1
2317,1.11,Premium,F,SI2
2318,1.02,Premium,F,VS1
2319,1.01,Premium,F,SI1
2320,0.9,Premium,H,SI1
2321,1.03,Ideal,D,VVS2
2322,0.42,Ideal,D,VVS2
2323,0.51,Ideal,G,VS1
2324,0.71,Ideal,E,VVS2
2325,1.6,Ideal,J,VS2
2326,0.64,Very Good,D,VS2
2327,1.07,Premium,F,SI1
2328,0.63,Ideal,J,SI1
2329,0.43,Premium,F,VS2
2330,0.34,Premium,G,VS2
2331,0.3,Good,G,VS1
2332,1,Very Good,F,SI1
2333,1.01,Very Good,E,VS2
2334,1.23,Good,J,SI1
2335,1.02,Premium,H,SI1
2336,2.01,Fair,E,SI2
2337,0.82,Ideal,F,SI2
2338,0.32,Ideal,F,VS2
2339,0.71,Premium,F,SI1
2340,0.4,Very Good,E,SI2
2341,0.4,Very Good,J,IF
2342,0.51,Ideal,I,VS2
2343,0.32,Good,D,VS2
2344,0.42,Ideal,G,VVS2
2345,0.32,Very Good,I,VS1
2346,1.66,Premium,J,VVS2
2347,1.56,Very Good,I,SI1
2348,1.5,Very Good,J,I1
2349,0.31,Ideal,E,IF
2350,0.7,Good,E,VS2
2351,0.7,Ideal,F,SI1
2352,0.72,Ideal,H,SI2
2353,0.52,Ideal,D,SI2
2354,0.41,Very Good,F,VVS1
2355,0.9,Very Good,H,VS1
2356,2.06,Ideal,I,VS2
2357,0.72,Ideal,I,VS1
2358,0.38,Premium,E,VS2
2359,0.51,Ideal,E,VS2
2360,0.31,Premium,G,VVS1
2361,0.71,Very Good,J,SI1
2362,2.22,Ideal,I,VS2
2363,1.24,Ideal,D,VVS2
2364,1.02,Premium,F,VS2
2365,0.78,Ideal,H,VVS2
2366,0.34,Good,E,SI1
2367,1.25,Premium,H,SI2
2368,0.71,Ideal,G,VS1
2369,0.7,Premium,E,SI1
2370,0.3,Premium,J,VS2
2371,1.03,Ideal,D,SI1
2372,0.53,Ideal,E,VS2
2373,0.4,Premium,F,VVS2
2374,0.57,Premium,D,VS1
2375,1.01,Fair,E,SI1
2376,0.71,Good,D,VS1
2377,1.21,Ideal,G,VS1
2378,1.54,Premium,I,SI2
2379,0.32,Premium,I,VS1
2380,0.93,Premium,G,VS2
2381,0.71,Premium,D,VS2
2382,2.33,Ideal,I,VS2
2383,0.52,Premium,G,SI1
2384,2.01,Premium,J,SI2
2385,0.53,Ideal,E,VS2
2386,0.57,Premium,G,VS2
2387,0.58,Good,G,SI1
2388,0.31,Premium,E,VS2
2389,0.31,Good,H,VVS1
2390,0.34,Ideal,E,VS2
2391,1.01,Good,E,SI2
2392,1.08,Ideal,G,VS1
2393,0.33,Ideal,I,VS1
2394,1.11,Very Good,E,VS1
2395,0.3,Ideal,E,VS2
2396,1.01,Very Good,I,VS1
2397,1.73,Good,E,I1
2398,1.5,Premium,H,SI2
2399,1.02,Premium,G,VVS1
2400,0.34,Ideal,G,IF
2401,1.04,Good,F,SI2
2402,0.5,Ideal,E,VS2
2403,0.41,Ideal,J,VS2
2404,1.02,Premium,J,SI1
2405,0.5,Premium,G,VS1
2406,0.66,Ideal,G,SI1
2407,0.42,Premium,F,VVS1
2408,0.3,Very Good,H,VS2
2409,1.01,Very Good,D,SI2
2410,0.7,Fair,G,SI2
2411,0.45,Good,G,VVS1
2412,1.01,Ideal,E,VS1
2413,0.74,Fair,G,SI1
2414,1.45,Fair,J,SI2
2415,0.3,Ideal,I,SI1
2416,1.62,Ideal,G,VS2
2417,0.9,Good,E,SI2
2418,0.31,Premium,E,VS2
2419,1.03,Premium,H,I1
2420,0.3,Premium,E,VS2
2421,0.25,Very Good,D,VVS2
2422,0.31,Premium,E,VS1
2423,1,Premium,H,SI2
2424,0.9,Very Good,D,SI2
2425,1,Very Good,H,SI1
2426,0.5,Very Good,H,SI1
2427,1.91,Ideal,G,SI2
2428,0.5,Premium,F,VS1
2429,1.03,Ideal,F,SI2
2430,1.1,Very Good,I,VS1
2431,1.51,Ideal,H,SI2
2432,0.67,Ideal,F,SI2
2433,1.35,Fair,J,SI1
2434,1.02,Very Good,F,VVS2
2435,0.31,Very Good,G,VVS1
2436,0.79,Very Good,J,VS2
2437,0.3,Ideal,G,VVS2
2438,0.52,Very Good,G,VS1
2439,0.33,Very Good,I,VS2
2440,1.2,Ideal,F,VS2
2441,0.78,Premium,F,SI2
2442,0.41,Ideal,F,VVS2
2443,0.4,Premium,D,SI1
2444,0.42,Ideal,G,VS2
2445,0.52,Very Good,G,VVS2
2446,0.76,Ideal,G,SI2
2447,1.11,Premium,D,SI2
2448,1.04,Ideal,G,VVS1
2449,0.41,Very Good,G,VVS2
2450,0.33,Ideal,H,VVS2
2451,0.3,Ideal,I,SI1
2452,0.32,Premium,G,VS2
2453,0.34,Good,H,SI1
2454,0.56,Premium,I,VVS1
2455,0.7,Premium,F,SI2
2456,0.33,Premium,G,IF
2457,0.26,Premium,H,VVS1
2458,1,Good,E,SI2
2459,0.35,Ideal,E,VVS1
2460,1.01,Premium,D,SI1
2461,2.04,Premium,H,SI1
2462,0.55,Ideal,H,SI2
2463,0.26,Very Good,F,VS1
2464,0.41,Very Good,G,VS1
2465,0.41,Ideal,E,VVS2
2466,0.32,Ideal,I,VS1
2467,0.36,Ideal,D,VS2
2468,0.73,Very Good,E,SI2
2469,0.33,Premium,H,IF
2470,0.72,Very Good,E,VVS2
2471,0.4,Good,D,SI1
2472,1.28,Ideal,H,VVS1
2473,0.38,Ideal,G,VVS1
2474,1.24,Ideal,H,VS2
2475,1.5,Good,G,SI2
2476,1.5,Good,J,SI1
2477,2.01,Ideal,H,SI1
2478,1.1,Ideal,G,VS1
2479,0.5,Good,G,VS2
2480,1.5,Premium,E,SI1
2481,1.5,Premium,J,VVS2
2482,1.06,Ideal,D,VVS2
2483,0.56,Very Good,E,VVS2
2484,0.95,Good,I,SI2
2485,0.31,Premium,G,VVS1
2486,1.05,Very Good,H,SI1
2487,2.01,Ideal,D,SI2
2488,0.31,Very Good,E,SI1
2489,0.56,Ideal,E,VS1
2490,0.3,Ideal,D,VS2
2491,0.7,Ideal,H,VVS2
2492,1.5,Very Good,I,SI2
2493,0.38,Ideal,F,VVS1
2494,0.3,Very Good,I,SI1
2495,0.71,Premium,D,SI2
2496,1,Ideal,G,SI1
2497,1.22,Premium,E,SI1
2498,1.51,Ideal,G,VVS2
2499,2.01,Ideal,G,SI1
2500,0.36,Premium,E,VVS2
2501,0.42,Ideal,G,VS1
2502,0.91,Premium,F,VS2
2503,1.29,Good,I,VS2
2504,1.01,Very Good,G,SI1
2505,1.63,Ideal,F,I1
2506,2,Good,G,SI1
2507,2.53,Premium,H,SI1
2508,1.03,Fair,D,SI1
2509,0.35,Ideal,G,IF
2510,1.02,Good,H,SI2
2511,1.51,Premium,H,I1
2512,1.56,Ideal,F,VS1
2513,0.23,Very Good,E,VVS1
2514,0.66,Good,G,VS1
2515,0.91,Premium,H,VS2
2516,0.31,Very Good,I,SI1
2517,0.44,Ideal,F,VVS2
2518,0.4,Good,D,SI1
2519,0.9,Very Good,I,SI1
2520,0.59,Very Good,G,VS1
2521,0.41,Ideal,E,VVS2
2522,1.01,Very Good,G,VS1
2523,0.52,Very Good,I,SI1
2524,0.37,Premium,G,SI1
2525,1.51,Premium,F,SI1
2526,2.01,Very Good,H,SI1
2527,2.05,Premium,I,SI2
2528,1.21,Premium,H,SI1
2529,1.01,Very Good,H,VS1
2530,0.23,Good,E,VVS2
2531,1.5,Fair,H,I1
2532,0.73,Ideal,G,VS1
2533,0.73,Very Good,J,VS2
2534,0.56,Fair,F,SI1
2535,0.33,Premium,H,VS1
2536,1.71,Ideal,G,SI1
2537,2.15,Ideal,G,SI2
2538,1.31,Ideal,F,SI1
2539,0.9,Good,F,SI1
2540,0.38,Ideal,G,VS1
2541,0.4,Premium,F,VVS1
2542,1.03,Very Good,G,VS1
2543,0.39,Very Good,J,VVS1
2544,0.42,Ideal,E,VS2
2545,0.58,Ideal,D,SI2
2546,1,Fair,E,SI2
2547,0.31,Very Good,G,VS1
2548,1.5,Premium,H,SI2
2549,0.7,Good,F,VVS2
2550,1.5,Premium,I,SI1
2551,1.5,Very Good,D,SI1
2552,1.55,Ideal,I,VS2
2553,0.33,Premium,G,VS1
2554,1.23,Ideal,H,VS2
2555,0.57,Very Good,G,SI1
2556,1.72,Premium,F,I1
2557,1,Premium,G,VS1
2558,1.28,Ideal,G,I1
2559,0.38,Ideal,G,VS2
2560,0.9,Very Good,G,SI2
2561,1.51,Very Good,G,VVS2
2562,0.52,Premium,H,SI1
2563,0.31,Ideal,E,VVS1
2564,0.28,Very Good,F,VVS2
2565,0.7,Very Good,E,SI1
2566,1.51,Very Good,E,VS2
2567,1.05,Very Good,G,IF
2568,1,Premium,E,VVS2
2569,1.51,Very Good,J,VVS2
2570,1.21,Very Good,H,SI1
2571,0.34,Ideal,I,VS1
2572,0.9,Premium,E,SI1
2573,1.3,Ideal,D,SI1
2574,0.42,Ideal,G,VS1
2575,0.74,Ideal,E,SI1
2576,1.02,Ideal,D,VS1
2577,0.3,Ideal,D,VS2
2578,0.4,Very Good,D,VVS2
2579,0.3,Premium,D,SI1
2580,0.3,Ideal,E,VS2
2581,2.01,Fair,H,SI2
2582,1.35,Premium,F,VS2
2583,1.03,Ideal,F,SI2
2584,1.01,Good,D,SI1
2585,0.71,Very Good,H,VS2
2586,0.38,Ideal,F,VVS1
2587,0.5,Good,G,SI2
2588,0.54,Premium,H,VS1
2589,0.73,Ideal,F,VVS1
2590,1.01,Fair,D,SI2
2591,0.51,Premium,E,VS2
2592,1.01,Good,I,VS2
2593,2.03,Premium,J,VS1
2594,0.34,Ideal,H,VVS2
2595,0.54,Ideal,F,VVS2
2596,0.7,Good,I,VS1
2597,1.52,Good,H,SI1
2598,0.31,Ideal,D,SI1
2599,0.4,Very Good,E,VVS1
2600,0.5,Premium,D,SI1
2601,1.02,Very Good,E,SI2
2602,0.5,Very Good,H,VS1
2603,1.21,Very Good,E,SI1
2604,0.54,Good,D,VS1
2605,1.01,Ideal,H,SI1
2606,0.32,Ideal,H,VS2
2607,0.9,Premium,H,VS2
2608,1.5,Ideal,F,VVS2
2609,0.33,Premium,G,VVS1
2610,0.5,Very Good,F,VS2
2611,0.71,Ideal,D,SI2
2612,0.72,Premium,H,VS2
2613,1.08,Very Good,G,SI2
2614,0.55,Ideal,E,SI1
2615,0.33,Premium,F,VS2
2616,0.3,Very Good,G,VVS2
2617,0.41,Ideal,E,VVS1
2618,0.35,Premium,E,SI1
2619,1.51,Very Good,H,VS1
2620,0.82,Good,J,SI1
2621,1.18,Premium,H,SI1
2622,0.4,Premium,G,VS1
2623,0.31,Ideal,H,VS2
2624,0.3,Premium,H,SI1
2625,2.05,Premium,E,SI2
2626,0.7,Very Good,F,SI1
2627,0.42,Very Good,E,SI1
2628,1.06,Ideal,H,SI2
2629,0.29,Very Good,G,VVS2
2630,0.73,Ideal,E,VS1
2631,1.03,Very Good,G,SI1
2632,0.74,Ideal,E,SI1
2633,1.18,Premium,E,I1
2634,0.9,Premium,H,VS1
2635,1.41,Premium,G,SI1
2636,1.03,Ideal,H,VVS2
2637,1.02,Premium,D,VS2
2638,0.7,Ideal,F,SI2
2639,0.32,Ideal,F,VS2
2640,0.43,Ideal,E,VVS1
2641,0.5,Very Good,E,SI2
2642,0.28,Very Good,D,VVS2
2643,0.36,Ideal,H,VS2
2644,1.51,Very Good,F,SI1
2645,0.52,Ideal,G,VS2
2646,1.05,Ideal,F,SI1
2647,0.34,Very Good,D,SI1
2648,0.4,Ideal,E,VS2
2649,2.14,Ideal,H,SI2
2650,2,Premium,J,VS1
2651,0.92,Premium,F,SI2
2652,1.55,Premium,D,SI2
2653,1.04,Ideal,G,VS2
2654,1.02,Ideal,E,SI1
2655,2.01,Very Good,I,SI1
2656,1.51,Fair,I,VS2
2657,0.3,Ideal,F,VVS2
2658,1.01,Ideal,G,VS2
2659,1.05,Premium,J,VS1
2660,1.22,Ideal,E,VVS2
2661,0.75,Premium,F,SI1
2662,0.44,Ideal,F,SI1
2663,0.33,Ideal,G,VS1
2664,0.72,Ideal,E,VS2
2665,0.81,Premium,E,SI2
2666,0.3,Ideal,D,SI1
2667,0.7,Very Good,E,SI1
2668,1.72,Premium,H,SI1
2669,1,Premium,F,SI1
2670,0.3,Very Good,G,SI1
2671,0.28,Ideal,H,VVS2
2672,0.72,Very Good,J,VS1
2673,0.31,Premium,G,SI1
2674,1.54,Premium,I,SI2
2675,0.31,Ideal,G,SI1
2676,0.37,Premium,D,VVS2
2677,0.38,Ideal,G,VS2
2678,0.9,Fair,E,I1
2679,1,Premium,J,SI1
2680,0.33,Very Good,I,VVS1
2681,1.03,Very Good,J,SI2
2682,0.42,Very Good,D,SI2
2683,0.62,Ideal,G,VVS2
2684,0.9,Ideal,J,SI1
2685,1.18,Very Good,I,SI2
2686,0.41,Ideal,F,VS2
2687,0.25,Very Good,D,VVS2
2688,0.36,Premium,D,SI2
2689,0.51,Ideal,E,SI2
2690,1.19,Premium,G,VS2
2691,0.5,Premium,F,SI1
2692,0.41,Very Good,E,SI2
2693,1.5,Premium,F,VS2
2694,0.51,Very Good,I,SI1
2695,0.7,Ideal,I,VVS1
2696,0.36,Ideal,G,SI1
2697,0.77,Premium,E,SI1
2698,0.7,Good,F,SI2
2699,0.46,Ideal,E,SI2
2700,0.95,Good,G,VVS2
2701,0.83,Ideal,G,VS1
2702,0.7,Very Good,G,VS1
2703,1.14,Very Good,G,SI2
2704,1.18,Good,D,SI2
2705,0.33,Ideal,G,VVS1
2706,0.23,Ideal,E,SI2
2707,0.92,Ideal,E,SI2
2708,0.33,Ideal,E,SI1
2709,1.05,Very Good,E,VVS1
2710,0.52,Ideal,F,VS2
2711,1.18,Premium,G,VS2
2712,1.07,Premium,H,VS2
2713,1.02,Very Good,G,VS2
2714,1.52,Premium,G,VS1
2715,0.31,Ideal,F,VS1
2716,1.2,Premium,J,SI1
2717,0.32,Premium,F,SI1
2718,0.7,Premium,H,VS2
2719,0.35,Ideal,E,VS2
2720,0.51,Ideal,G,VS1
2721,1.05,Ideal,G,SI1
2722,0.35,Ideal,E,SI1
2723,0.31,Premium,J,VS2
2724,0.3,Ideal,J,IF
2725,0.61,Ideal,D,VVS2
2726,0.6,Premium,D,SI1
2727,0.35,Very Good,G,VS2
2728,0.51,Ideal,G,VS1
2729,0.71,Ideal,F,VS1
2730,1.11,Premium,H,SI1
2731,0.33,Ideal,D,VVS2
2732,0.7,Ideal,E,VS2
2733,1.2,Ideal,G,VVS2
2734,0.31,Ideal,G,SI1
2735,0.36,Ideal,G,SI1
2736,0.91,Very Good,F,SI1
2737,1,Very Good,E,VS2
2738,0.9,Very Good,E,VS1
2739,0.52,Premium,E,VVS1
2740,1.06,Ideal,G,VVS2
2741,0.31,Good,E,VS2
2742,0.7,Ideal,H,SI1
2743,1.23,Ideal,F,SI2
2744,0.52,Ideal,H,VS2
2745,0.31,Premium,F,VS2
2746,1,Very Good,F,IF
2747,0.3,Very Good,I,VS1
2748,1.27,Ideal,H,SI1
2749,0.26,Ideal,H,VS1
2750,0.71,Premium,F,SI1
2751,0.5,Good,F,SI1
2752,0.34,Premium,H,VS1
2753,1.02,Premium,F,VS2
2754,1.51,Very Good,G,VS1
2755,1.08,Very Good,H,VVS1
2756,1.16,Fair,H,SI2
2757,0.91,Very Good,H,VS2
2758,1.33,Premium,I,SI2
2759,0.92,Very Good,D,SI1
2760,0.46,Ideal,G,IF
2761,0.33,Premium,G,VS1
2762,1.01,Premium,E,SI2
2763,1.04,Premium,D,SI2
2764,0.73,Ideal,H,VVS2
2765,0.42,Premium,G,VS2
2766,0.46,Fair,I,VS1
2767,0.78,Fair,G,SI2
2768,1,Premium,F,VS2
2769,0.71,Ideal,G,IF
2770,0.33,Premium,H,VS2
2771,0.71,Premium,F,SI1
2772,0.91,Premium,F,SI2
2773,2.23,Premium,J,VS2
2774,0.7,Ideal,D,VS2
2775,1.13,Premium,J,VS1
2776,1.75,Ideal,J,VS2
2777,1.21,Premium,H,SI1
2778,0.7,Very Good,F,VS2
2779,1.01,Good,F,SI1
2780,0.36,Ideal,H,VS2
2781,0.72,Very Good,E,SI2
2782,1.62,Very Good,I,VS2
2783,1.19,Ideal,F,VVS2
2784,1.01,Very Good,G,SI1
2785,0.7,Premium,D,VS1
2786,1.03,Ideal,F,VS2
2787,0.54,Fair,F,SI1
2788,0.9,Very Good,F,SI2
2789,0.4,Ideal,H,IF
2790,0.51,Premium,G,VS2
2791,0.53,Premium,E,VS2
2792,0.5,Premium,E,VS2
2793,0.36,Ideal,E,SI1
2794,0.64,Good,D,SI1
2795,0.9,Ideal,G,VVS1
2796,0.35,Ideal,D,SI1
2797,0.3,Good,G,VVS2
2798,1,Premium,D,SI1
2799,0.59,Ideal,G,SI1
2800,0.71,Good,E,SI2
2801,0.7,Very Good,D,VS1
2802,0.31,Premium,I,SI1
2803,1.57,Ideal,F,SI1
2804,0.9,Ideal,G,SI1
2805,0.59,Ideal,D,SI1
2806,0.26,Very Good,G,VS1
2807,0.41,Ideal,E,VVS2
2808,0.4,Very Good,G,VS1
2809,0.53,Very Good,E,VS2
2810,0.7,Ideal,I,SI1
2811,0.32,Premium,D,SI1
2812,0.7,Good,F,VS1
2813,0.7,Very Good,E,VS2
2814,0.9,Good,G,SI1
2815,0.33,Premium,G,VS2
2816,1.15,Good,J,SI2
2817,1.01,Very Good,E,VS2
2818,0.32,Ideal,I,IF
2819,2.33,Very Good,H,SI2
2820,0.79,Very Good,I,SI1
2821,1.21,Ideal,H,SI1
2822,0.75,Very Good,G,SI1
2823,0.4,Ideal,I,SI1
2824,1.23,Good,I,VS1
2825,1.08,Premium,G,SI1
2826,0.28,Very Good,E,VS1
2827,0.54,Very Good,F,VS2
2828,1.09,Premium,G,VS2
2829,0.28,Very Good,E,VVS2
2830,1.2,Premium,F,SI2
2831,1,Ideal,E,SI1
2832,0.36,Ideal,G,SI1
2833,0.6,Very Good,F,SI1
2834,1.71,Premium,H,SI1
2835,0.33,Ideal,E,VS2
2836,0.3,Ideal,E,VVS1
2837,0.71,Ideal,D,SI2
2838,0.31,Ideal,G,IF
2839,0.32,Ideal,E,VVS2
2840,0.66,Ideal,H,SI1
2841,1.5,Good,D,SI2
2842,0.38,Premium,H,VS2
2843,1.22,Premium,F,VS2
2844,1.53,Very Good,H,VS1
2845,0.3,Ideal,H,SI1
2846,1.79,Premium,G,VS2
2847,1.02,Ideal,I,I1
2848,0.3,Ideal,F,VVS2
2849,0.75,Ideal,G,SI1
2850,0.54,Ideal,G,SI1
2851,0.7,Fair,F,SI2
2852,1.25,Ideal,H,SI1
2853,0.82,Ideal,I,SI1
2854,1.01,Very Good,F,VS2
2855,1.15,Very Good,H,SI2
2856,1.67,Ideal,F,VS2
2857,1.01,Very Good,E,VS2
2858,0.39,Very Good,E,VS2
2859,1.22,Ideal,I,VS1
2860,1.01,Good,E,SI1
2861,2,Very Good,I,VS2
2862,0.54,Ideal,D,VS2
2863,0.9,Premium,J,SI1
2864,0.32,Very Good,E,SI1
2865,0.54,Very Good,F,SI1
2866,0.5,Premium,D,SI1
2867,1.51,Premium,J,VVS2
2868,1.01,Very Good,H,VS2
2869,0.77,Good,D,SI2
2870,0.7,Fair,E,SI2
2871,0.31,Ideal,E,VS2
2872,2.18,Premium,J,SI2
2873,0.3,Very Good,J,VS1
2874,0.53,Ideal,D,SI1
2875,0.9,Very Good,F,SI1
2876,1.13,Ideal,H,SI1
2877,0.4,Premium,D,SI2
2878,0.5,Very Good,D,VS2
2879,0.37,Ideal,F,VVS1
2880,1.12,Very Good,I,VS2
2881,1.28,Ideal,G,SI1
2882,0.66,Very Good,E,VVS1
2883,0.71,Good,H,SI1
2884,0.4,Premium,H,VS1
2885,1.28,Ideal,H,SI1
2886,0.42,Premium,E,SI2
2887,1,Very Good,H,SI2
2888,0.41,Premium,G,VS1
2889,0.52,Very Good,I,VS1
2890,0.46,Ideal,G,VVS1
2891,1.5,Very Good,J,VS2
2892,1.13,Very Good,I,VS2
2893,0.3,Very Good,I,SI1
2894,2,Very Good,E,SI2
2895,1.68,Ideal,I,VS2
2896,0.3,Ideal,D,SI1
2897,0.81,Premium,G,VS1
2898,0.35,Very Good,E,SI1
2899,1.54,Ideal,D,SI2
2900,0.32,Ideal,H,VVS1
2901,0.9,Ideal,E,SI1
2902,0.79,Ideal,I,VS1
2903,0.5,Ideal,D,SI2
2904,1.09,Ideal,E,SI1
2905,0.33,Very Good,E,VS2
2906,0.38,Good,F,VS2
2907,0.31,Ideal,E,VS2
2908,1.21,Very Good,G,SI2
2909,1.19,Ideal,E,SI2
2910,0.55,Ideal,G,VVS2
2911,0.7,Ideal,F,SI1
2912,0.39,Very Good,G,VVS1
2913,1.66,Ideal,J,SI2
2914,1.1,Ideal,I,SI1
2915,1.21,Very Good,G,SI2
2916,0.3,Very Good,E,VS1
2917,0.86,Good,G,SI2
2918,0.3,Ideal,G,VS1
2919,1.22,Ideal,G,VS1
2920,0.3,Premium,E,SI1
2921,1.2,Ideal,G,VS1
2922,0.31,Ideal,H,VVS1
2923,2.01,Very Good,I,VS2
2924,0.37,Ideal,J,SI1
2925,0.31,Premium,E,VS1
2926,0.3,Ideal,F,SI1
2927,0.31,Ideal,F,VVS2
2928,0.27,Very Good,F,VVS1
2929,0.32,Ideal,D,VVS2
2930,0.33,Ideal,H,IF
2931,1.86,Very Good,H,SI2
2932,0.72,Ideal,H,VS1
2933,1.05,Ideal,H,SI1
2934,1.02,Premium,G,VS2
2935,1.04,Very Good,E,SI1
2936,0.95,Very Good,J,VVS2
2937,0.3,Ideal,H,VVS2
2938,0.27,Very Good,G,VS1
2939,0.32,Premium,F,VS2
2940,1.28,Ideal,G,SI1
2941,1.31,Premium,F,SI1
2942,0.3,Premium,E,SI1
2943,1.51,Ideal,I,VS1
2944,0.36,Ideal,E,VS2
2945,0.73,Premium,F,SI1
2946,0.33,Ideal,G,IF
2947,1,Premium,G,SI2
2948,0.31,Ideal,G,IF
2949,0.56,Ideal,E,VS2
2950,0.32,Premium,G,VVS2
2951,1.53,Premium,G,VVS1
2952,0.52,Very Good,H,SI1
2953,0.42,Ideal,G,VVS1
2954,0.3,Ideal,D,VS2
2955,1,Very Good,G,VS2
2956,0.44,Good,E,VS2
2957,1.01,Good,E,VS2
2958,0.31,Ideal,J,VS1
2959,2.28,Premium,H,SI2
2960,0.5,Premium,D,VS2
2961,0.5,Ideal,E,VVS2
2962,0.36,Very Good,E,SI1
2963,0.7,Ideal,I,SI1
2964,0.4,Premium,D,SI2
2965,0.52,Good,G,VS2
2966,1.02,Ideal,G,SI2
2967,0.76,Very Good,G,VVS2
2968,2.03,Ideal,I,SI2
2969,1.51,Premium,F,VS2
2970,0.61,Very Good,E,SI1
2971,1,Premium,F,VS2
2972,1.07,Premium,E,SI2
2973,1.21,Very Good,F,VS1
2974,0.46,Fair,G,VS1
2975,0.79,Good,I,VS2
2976,0.32,Ideal,F,VVS2
2977,0.4,Ideal,F,VS2
2978,0.51,Fair,E,VS2
2979,1.05,Premium,J,VS1
2980,0.43,Very Good,H,SI1
2981,0.3,Ideal,G,VVS2
2982,1.51,Premium,E,SI1
2983,1.54,Ideal,J,VS2
2984,1.16,Ideal,I,VS2
2985,1.01,Premium,D,SI1
2986,1.01,Very Good,I,VS2
2987,0.83,Premium,H,SI1
2988,0.93,Very Good,F,VS2
2989,1.2,Very Good,G,SI2
2990,0.8,Ideal,E,VVS2
2991,1.11,Ideal,D,VVS2
2992,1.31,Premium,H,SI2
2993,1.11,Good,F,SI1
2994,1.1,Good,D,SI2
2995,1.22,Premium,I,SI2
2996,0.72,Ideal,F,SI2
2997,1.09,Premium,I,VS2
2998,1.05,Very Good,G,SI1
2999,0.7,Fair,G,SI1
3000,1.01,Very Good,F,SI1
