CustomerID,DaysBooking,HotelStar,NoOfPerson,Season,Breakfast,WiFi,AC/NON AC,Price,Age,Booked
1,2,3,1,LOW,NO,YES,AC,2000,20,YES
2,3,5,4,HIGH,YES,NO,AC,3000,40,NO
3,4,2,2,MEDIUM,NO,YES,NON AC,4000,30,YES
4,2,3,2,HIGH,YES,NO,AC,3000,20,NO
5,2,5,2,MEDIUM,YES,YES,AC,4000,20,YES
6,4,3,4,LOW,YES,YES,AC,4000,40,YES
7,3,3,1,LOW,YES,YES,NON AC,2000,20,YES
8,4,5,2,MEDIUM,NO,YES,AC,3000,20,YES
9,2,2,2,HIGH,NO,YES,AC,5000,30,NO
10,4,2,2,HIGH,YES,YES,NON AC,5000,20,NO
11,3,2,3,LOW,YES,YES,AC,3000,30,YES
12,3,3,1,LOW,NO,YES,AC,4000,40,YES
13,3,5,2,MEDIUM,NO,YES,AC,4000,20,YES
14,2,3,2,HIGH,NO,YES,AC,3000,30,NO
15,3,3,1,MEDIUM,YES,YES,AC,2000,50,YES
16,3,5,2,HIGH,YES,YES,AC,4000,40,YES
17,1,2,1,LOW,NO,YES,AC,3000,20,NO
18,3,3,2,MEDIUM,YES,NO,AC,3000,30,NO
19,4,3,1,LOW,YES,YES,AC,3000,20,YES
20,2,4,2,MEDIUM,YES,YES,AC,4000,30,YES
21,5,3,4,MEDIUM,YES,NO,AC,4000,40,NO
22,2,3,1,LOW,NO,NO,NON AC,2000,20,YES
23,3,5,2,HIGH,YES,YES,AC,6000,30,NO
24,3,4,4,MEDIUM,YES,YES,AC,4000,40,YES
25,4,2,2,LOW,NO,YES,AC,2000,20,YES
26,2,5,1,MEDIUM,NO,YES,AC,4000,30,YES
27,3,3,2,HIGH,YES,NO,AC,5000,50,NO
28,3,4,1,MEDIUM,NO,NO,AC,2000,30,NO
29,2,5,1,LOW,YES,YES,AC,4000,50,YES
30,3,3,2,HIGH,YES,NO,NON AC,5000,60,YES
31,1,3,1,LOW,NO,YES,AC,3000,20,YES
32,2,4,2,MEDIUM,YES,YES,AC,5000,30,YES
33,2,5,4,HIGH,YES,YES,AC,5000,50,YES
34,1,2,1,LOW,NO,NO,NON AC,2000,20,YES
35,2,2,2,HIGH,YES,YES,AC,4000,30,YES
36,1,4,1,MEDIUM,YES,YES,AC,4000,50,NO
37,3,4,1,HIGH,NO,YES,AC,5000,30,YES
38,1,2,1,HIGH,NO,YES,NON AC,2000,20,YES
39,2,5,2,LOW,YES,NO,AC,6000,50,YES
40,3,3,2,MEDIUM,NO,YES,AC,4000,20,YES
41,2,3,1,MEDIUM,YES,YES,AC,3000,30,NO
42,2,4,2,HIGH,YES,YES,AC,5000,20,YES
43,3,5,2,HIGH,YES,YES,AC,5000,30,YES
44,4,2,4,HIGH,NO,NO,NON AC,4000,40,NO
45,3,2,1,LOW,NO,YES,AC,2000,20,YES
46,2,3,2,LOW,NO,YES,AC,3000,20,NO
47,5,3,4,HIGH,NO,NO,AC,5000,20,YES
48,4,4,4,HIGH,YES,NO,AC,5000,30,YES
49,4,5,2,HIGH,NO,YES,NON AC,2000,20,YES
50,3,4,4,HIGH,NO,NO,AC,5000,30,YES
51,3,2,4,MEDIUM,YES,NO,NON AC,4000,40,NO
52,3,3,4,HIGH,NO,YES,AC,6000,20,YES
53,2,4,3,LOW,YES,YES,NON AC,3000,30,YES
54,5,3,4,MEDIUM,YES,YES,AC,4000,30,NO
55,3,4,4,HIGH,NO,YES,AC,5000,20,YES
56,2,5,3,MEDIUM,YES,YES,AC,6000,30,NO
57,1,3,2,LOW,NO,YES,AC,2000,20,YES
58,3,5,2,MEDIUM,NO,YES,AC,4000,20,YES
59,4,4,3,LOW,YES,YES,AC,4000,30,YES
60,5,4,4,LOW,NO,NO,AC,3000,40,YES
61,3,3,2,LOW,YES,NO,AC,3000,30,NO
62,4,5,1,MEDIUM,NO,YES,AC,5000,30,YES
63,5,4,2,HIGH,YES,YES,NON AC,4000,20,YES
64,4,3,3,MEDIUM,NO,YES,AC,3000,30,YES
65,3,4,2,MEDIUM,YES,YES,AC,4000,20,YES
66,2,3,1,LOW,YES,YES,AC,3000,20,YES
67,3,3,4,HIGH,YES,YES,AC,4000,20,YES
68,4,3,2,MEDIUM,YES,YES,AC,4000,30,YES
69,5,3,4,HIGH,YES,YES,AC,3000,40,YES
70,3,2,1,LOW,NO,YES,NON AC,1000,20,YES
71,5,4,2,HIGH,YES,YES,AC,3000,30,YES
72,4,5,2,MEDIUM,YES,NO,AC,4000,50,NO
73,1,3,2,MEDIUM,YES,YES,YES,2000,20,NO
74,2,4,1,LOW,NO,YES,NO,2000,20,YES
75,4,3,2,HIGH,YES,YES,YES,4000,20,YES
76,3,3,1,MEDIUM,NO,YES,AC,2000,20,YES
77,3,4,2,LOW,NO,YES,AC,3000,20,NO
78,2,4,4,HIGH,YES,YES,AC,4000,30,YES
79,4,5,2,LOW,YES,YES,AC,4000,20,YES
80,2,3,4,MEDIUM,YES,YES,AC,3000,20,YES
81,1,2,1,HIGH,YES,YES,AC,4000,30,NO
82,4,4,5,HIGH,YES,YES,AC,5000,20,YES
83,3,3,3,MEDIUM,YES,YES,AC,3000,30,NO
84,2,3,2,LOW,YES,YES,AC,2000,20,YES
85,3,4,2,MEDIUM,YES,YES,AC,4000,20,YES
86,1,2,1,HIGH,YES,YES,AC,4000,20,NO
87,4,4,5,LOW,YES,YES,AC,3000,30,YES
88,2,3,2,MEDIUM,YES,YES,AC,3000,20,YES
89,4,5,5,LOW,YES,YES,AC,4000,20,YES
90,1,2,1,HIGH,YES,YES,AC,3000,30,NO
91,1,3,1,MEDIUM,YES,YES,AC,4000,20,YES
92,1,5,2,HIGH,YES,YES,AC,4000,20,NO
93,2,4,1,MEDIUM,YES,NO,AC,3000,20,YES
94,5,3,2,HIGH,NO,NO,AC,5000,20,YES
95,3,4,2,HIGH,YES,YES,AC,5000,30,YES
96,2,5,2,HIGH,YES,NO,AC,4000,40,NO
97,3,5,3,HIGH,YES,YES,AC,5000,20,YES
98,3,3,2,MEDIUM,YES,NO,AC,4000,30,YES
99,3,3,4,MEDIUM,YES,YES,AC,5000,50,NO
100,4,4,2,HIGH,YES,YES,AC,5000,40,YES
101,2,2,1,MEDIUM,NO,YES,NON AC,2000,20,YES
102,3,3,3,MEDIUM,YES,YES,AC,4000,30,NO
103,1,2,1,LOW,NO,YES,NON AC,1000,20,YES
104,2,5,2,HIGH,YES,NO,AC,5000,50,YES
105,4,3,3,MEDIUM,YES,YES,AC,3000,30,YES
106,2,4,4,LOW,NO,YES,AC,5000,40,NO
107,4,3,2,HIGH,YES,NO,NON AC,3000,20,YES
108,3,4,3,MEDIUM,YES,YES,AC,4000,30,YES
109,3,3,2,MEDIUM,YES,NO,AC,4000,30,YES
110,2,4,1,LOW,YES,YES,AC,2000,20,NO
111,4,5,2,HIGH,YES,NO,AC,3000,50,NO
112,2,3,2,HIGH,YES,NO,AC,3000,20,NO
113,3,5,2,MEDIUM,NO,YES,AC,4000,30,NO
114,1,4,1,LOW,YES,NO,AC,3000,50,YES
115,2,4,2,LOW,NO,NO,AC,2000,40,NO
116,1,3,1,MEDIUM,NO,YES,AC,3000,30,NO
117,2,3,2,HIGH,YES,YES,AC,4000,30,YES
118,2,3,2,HIGH,NO,YES,NON AC,3000,20,YES
119,4,2,4,MEDIUM,YES,NO,AC,5000,30,NO
120,3,4,3,MEDIUM,YES,NO,AC,3000,40,YES
121,2,4,2,HIGH,YES,YES,AC,5000,20,YES
122,1,2,1,HIGH,NO,NO,NON AC,3000,30,NO
123,4,1,1,LOW,NO,YES,AC,3000,40,YES
124,1,3,1,LOW,NO,YES,NON AC,2000,20,YES
125,3,4,2,MEDIUM,YES,YES,AC,3000,30,YES
126,4,4,4,HIGH,YES,NO,AC,3000,40,YES
127,1,3,1,MEDIUM,NO,YES,NON AC,2000,20,YES
128,2,4,2,HIGH,NO,YES,AC,3000,30,NO
129,4,4,4,HIGH,YES,NO,AC,4000,40,YES
130,1,4,2,MEDIUM,NO,YES,AC,4000,20,YES
131,3,1,3,LOW,YES,YES,NON AC,3000,40,NO
132,2,3,4,HIGH,NO,NO,AC,4000,20,YES
133,2,4,2,LOW,YES,YES,AC,4000,20,YES
134,4,3,5,HIGH,NO,NO,AC,1000,40,YES
135,2,3,3,MEDIUM,YES,YES,AC,3000,20,NO
136,2,4,4,HIGH,YES,YES,AC,4000,30,YES
137,4,5,2,LOW,YES,YES,AC,4000,20,NO
138,2,3,2,LOW,NO,YES,AC,3000,20,NO
139,4,3,1,HIGH,YES,NO,AC,4000,40,YES
140,2,5,2,LOW,YES,NO,NON AC,3000,30,NO
141,1,4,4,LOW,NO,YES,NON AC,2000,20,YES
142,3,3,2,MEDIUM,YES,NO,AC,4000,35,YES
143,1,4,2,MEDIUM,YES,YES,AC,5000,50,YES
145,1,2,2,LOW,NO,YES,NON AC,1500,22,YES
146,2,3,2,MEDIUM,YES,YES,AC,4000,29,YES
147,5,4,3,HIGH,YES,YES,AC,9000,45,YES
148,2,4,2,LOW,NO,NO,AC,3000,37,NO
149,3,3,1,MEDIUM,NO,YES,AC,3000,30,NO
150,3,4,2,LOW,YES,YES,AC,3500,35,YES
151,2,4,3,MEDIUM,NO,YES,NON AC,4000,40,NO
152,1,5,4,MEDIUM,NO,YES,AC,5000,32,YES
153,4,3,3,HIGH,YES,NO,AC,1500,37,YES
154,2,3,1,LOW,NO,YES,AC,2000,20,YES
155,3,5,4,HIGH,YES,NO,AC,3000,40,YES
156,4,2,2,MEDIUM,NO,YES,NON AC,4000,30,YES
157,2,3,2,HIGH,YES,NO,AC,3000,20,NO
158,2,5,2,MEDIUM,YES,YES,AC,4000,20,NO
159,4,3,4,LOW,YES,YES,AC,4000,40,YES
160,3,3,1,LOW,YES,YES,NON AC,2000,20,YES
161,4,5,2,MEDIUM,NO,YES,AC,3000,20,YES
162,2,2,2,HIGH,NO,YES,AC,5000,30,NO
163,4,2,2,HIGH,YES,YES,NON AC,5000,20,YES
164,3,2,3,LOW,YES,YES,AC,3000,30,YES
165,3,3,1,LOW,NO,YES,AC,4000,40,YES
166,3,5,2,MEDIUM,NO,YES,AC,4000,20,YES
167,2,3,2,HIGH,NO,YES,AC,3000,30,NO
167,3,3,1,MEDIUM,YES,YES,AC,2000,50,NO
168,3,5,2,HIGH,YES,YES,AC,4000,40,YES
169,1,2,1,LOW,NO,YES,AC,3000,20,NO
170,3,3,2,MEDIUM,YES,NO,AC,3000,30,YES
171,4,3,1,LOW,YES,YES,AC,3000,20,NO
172,2,4,2,MEDIUM,YES,YES,AC,4000,30,YES
173,5,3,4,MEDIUM,YES,NO,AC,4000,40,NO
174,2,3,1,LOW,NO,NO,NON AC,2000,20,YES
175,3,5,2,HIGH,YES,YES,AC,6000,30,NO
176,3,4,4,MEDIUM,YES,YES,AC,4000,40,YES
177,4,2,2,LOW,NO,YES,AC,2000,20,NO
178,2,5,1,MEDIUM,NO,YES,AC,4000,30,YES
179,3,3,2,HIGH,YES,NO,AC,5000,50,NO
180,3,4,1,MEDIUM,NO,NO,AC,2000,30,YES
181,2,5,1,LOW,YES,YES,AC,4000,50,YES
182,3,3,2,HIGH,YES,NO,NON AC,5000,60,YES
183,1,3,1,LOW,NO,YES,AC,3000,20,YES
184,2,4,2,MEDIUM,YES,YES,AC,5000,30,YES
185,2,5,4,HIGH,YES,YES,AC,5000,50,YES
186,1,2,1,LOW,NO,NO,NON AC,2000,20,NO
187,2,2,2,HIGH,YES,YES,AC,4000,30,YES
188,1,4,1,MEDIUM,YES,YES,AC,4000,50,NO
189,3,4,1,HIGH,NO,YES,AC,5000,30,YES
190,1,2,1,HIGH,NO,YES,NON AC,2000,20,YES
191,2,5,2,LOW,YES,NO,AC,6000,50,YES
192,3,3,2,MEDIUM,NO,YES,AC,4000,20,YES
193,2,3,1,MEDIUM,YES,YES,AC,3000,30,NO
194,2,4,2,HIGH,YES,YES,AC,5000,20,YES
195,3,5,2,HIGH,YES,YES,AC,5000,30,YES
196,4,2,4,HIGH,NO,NO,NON AC,4000,40,YES
197,3,2,1,LOW,NO,YES,AC,2000,20,YES
198,2,3,2,LOW,NO,YES,AC,3000,20,NO
199,5,3,4,HIGH,NO,NO,AC,5000,20,YES
200,4,4,4,HIGH,YES,NO,AC,5000,30,YES
201,4,5,2,HIGH,NO,YES,NON AC,2000,20,NO
202,3,4,4,HIGH,NO,NO,AC,5000,30,YES
203,2,3,1,LOW,NO,YES,AC,2000,20,NO
204,3,5,4,HIGH,YES,NO,AC,3000,40,YES
205,4,2,2,MEDIUM,NO,YES,NON AC,4000,30,YES
206,2,3,2,HIGH,YES,NO,AC,3000,20,NO
207,2,5,2,MEDIUM,YES,YES,AC,4000,20,YES
208,4,3,4,LOW,YES,YES,AC,4000,40,YES
209,3,3,1,LOW,YES,YES,NON AC,2000,20,YES
210,4,5,2,MEDIUM,NO,YES,AC,3000,20,NO
211,2,2,2,HIGH,NO,YES,AC,5000,30,NO
212,4,2,2,HIGH,YES,YES,NON AC,5000,20,YES
213,3,2,3,LOW,YES,YES,AC,3000,30,YES
214,3,3,1,LOW,NO,YES,AC,4000,40,YES
215,3,5,2,MEDIUM,NO,YES,AC,4000,20,YES
216,2,3,2,HIGH,NO,YES,AC,3000,30,NO
217,3,3,1,MEDIUM,YES,YES,AC,2000,50,NO
218,3,5,2,HIGH,YES,YES,AC,4000,40,YES
219,1,2,1,LOW,NO,YES,AC,3000,20,NO
220,3,3,2,MEDIUM,YES,NO,AC,3000,30,NO
221,4,3,1,LOW,YES,YES,AC,3000,20,YES
222,2,4,2,MEDIUM,YES,YES,AC,4000,30,YES
223,5,3,4,MEDIUM,YES,NO,AC,4000,40,NO
224,2,3,1,LOW,NO,NO,NON AC,2000,20,YES
225,3,5,2,HIGH,YES,YES,AC,6000,30,NO
226,3,4,4,MEDIUM,YES,YES,AC,4000,40,YES
227,4,2,2,LOW,NO,YES,AC,2000,20,NO
228,2,5,1,MEDIUM,NO,YES,AC,4000,30,YES
229,3,3,2,HIGH,YES,NO,AC,5000,50,YES
230,3,4,1,MEDIUM,NO,NO,AC,2000,30,YES
231,2,5,1,LOW,YES,YES,AC,4000,50,NO
232,3,3,2,HIGH,YES,NO,NON AC,5000,60,YES
233,1,3,1,LOW,NO,YES,AC,3000,20,YES
234,2,4,2,MEDIUM,YES,YES,AC,5000,30,YES
235,2,5,4,HIGH,YES,YES,AC,5000,50,YES
236,1,2,1,LOW,NO,NO,NON AC,2000,20,NO
237,2,2,2,HIGH,YES,YES,AC,4000,30,NO
238,1,4,1,MEDIUM,YES,YES,AC,4000,50,NO
239,3,4,1,HIGH,NO,YES,AC,5000,30,YES
240,1,2,1,HIGH,NO,YES,NON AC,2000,20,YES
241,2,5,2,LOW,YES,NO,AC,6000,50,YES
242,3,3,2,MEDIUM,NO,YES,AC,4000,20,YES
243,2,3,1,MEDIUM,YES,YES,AC,3000,30,NO
244,2,4,2,HIGH,YES,YES,AC,5000,20,YES
245,3,5,2,HIGH,YES,YES,AC,5000,30,YES
246,4,2,4,HIGH,NO,NO,NON AC,4000,40,YES
247,3,2,1,LOW,NO,YES,AC,2000,20,YES
248,2,3,2,LOW,NO,YES,AC,3000,20,NO
249,5,3,4,HIGH,NO,NO,AC,5000,20,YES
250,4,4,4,HIGH,YES,NO,AC,5000,30,YES
251,4,5,2,HIGH,NO,YES,NON AC,2000,20,NO
252,3,4,4,HIGH,NO,NO,AC,5000,30,YES
253,3,2,1,LOW,NO,YES,AC,2000,20,NO
254,1,5,2,HIGH,YES,YES,AC,4000,20,YES
255,2,4,1,MEDIUM,YES,NO,AC,3000,20,NO
256,5,3,2,HIGH,NO,NO,AC,5000,20,NO
257,3,4,2,HIGH,YES,YES,AC,5000,30,YES
258,3,3,1,LOW,NO,YES,AC,4000,40,NO
259,3,5,2,MEDIUM,NO,YES,AC,4000,20,NO
260,2,3,2,HIGH,NO,YES,AC,3000,30,YES
261,3,3,1,MEDIUM,YES,YES,AC,2000,50,NO
262,3,5,2,HIGH,YES,YES,AC,4000,40,NO
263,1,2,1,LOW,NO,YES,AC,3000,20,YES
264,3,3,2,MEDIUM,YES,NO,AC,3000,30,YES
265,2,3,2,HIGH,NO,YES,AC,4000,20,YES
266,3,3,3,LOW,NO,YES,AC,5000,30,YES
267,4,4,4,MEDIUM,NO,YES,NON AC,5000,40,NO
268,3,5,2,LOW,NO,NO,AC,3000,20,YES
269,1,3,2,MEDIUM,YES,NO,AC,4000,30,NO
270,2,4,2,LOW,NO,YES,AC,3000,30,NO
271,3,5,2,HIGH,YES,NO,AC,4000,40,NO
272,4,5,2,MEDIUM,NO,YES,NON AC,5000,40,YES
273,1,2,1,MEDIUM,NO,YES,AC,3000,20,NO
274,2,3,2,LOW,YES,NO,AC,4000,20,YES
275,1,2,1,HIGH,NO,YES,AC,5000,20,NO
276,3,3,1,LOW,NO,YES,AC,3000,20,YES
277,2,5,4,HIGH,NO,NO,AC,3000,40,NO
278,3,2,2,MEDIUM,YES,YES,NON AC,3000,30,YES
279,3,3,2,HIGH,NO,NO,NON AC,3000,20,NO
280,2,5,2,MEDIUM,YES,YES,AC,4000,20,NO
281,3,3,4,LOW,NO,YES,AC,4000,40,YES
282,4,3,1,LOW,YES,NO,NON AC,2000,20,NO
283,2,5,2,MEDIUM,YES,YES,AC,3000,20,YES
284,3,2,2,HIGH,NO,YES,AC,5000,30,NO
285,5,2,2,HIGH,YES,NO,NON AC,5000,20,YES
286,4,2,3,LOW,NO,YES,AC,3000,30,YES
287,4,3,1,LOW,NO,NO,AC,4000,40,NO
288,2,5,2,MEDIUM,YES,YES,AC,4000,20,NO
289,3,3,2,HIGH,NO,YES,AC,3000,30,YES
290,2,3,1,MEDIUM,YES,YES,NON AC,2000,50,NO
291,4,5,2,HIGH,NO,YES,AC,4000,40,YES
292,3,2,1,LOW,YES,YES,AC,3000,20,NO
293,2,3,2,MEDIUM,NO,NO,NON AC,3000,30,YES
294,3,3,1,LOW,YES,YES,AC,3000,20,NO
295,3,4,2,MEDIUM,NO,NO,AC,4000,30,YES
296,4,3,4,MEDIUM,YES,NO,NON AC,4000,40,YES
297,3,3,1,LOW,YES,NO,NON AC,2000,20,YES
298,2,5,2,HIGH,YES,NO,AC,6000,30,YES
299,4,4,4,MEDIUM,NO,YES,NON AC,4000,40,YES
300,3,2,3,LOW,NO,NO,AC,2000,20,NO
301,1,5,1,MEDIUM,YES,YES,AC,4000,30,YES
302,4,3,4,HIGH,NO,YES,NON AC,5000,50,YES
303,3,4,1,MEDIUM,YES,YES,AC,2000,30,YES
304,4,5,1,LOW,YES,NO,NON AC,4000,50,NO
305,3,3,4,HIGH,YES,YES,NON AC,5000,60,NO
306,2,3,1,LOW,NO,YES,AC,3000,20,YES
307,1,4,2,MEDIUM,NO,NO,NON AC,5000,30,YES
308,3,5,4,HIGH,YES,YES,AC,5000,50,NO
309,2,2,1,LOW,YES,NO,NON AC,2000,20,YES
310,3,2,2,HIGH,YES,YES,AC,4000,30,NO
311,2,4,1,MEDIUM,NO,YES,NON AC,6000,50,YES
312,4,4,1,HIGH,YES,YES,AC,4000,30,YES
313,2,2,1,HIGH,NO,YES,NON AC,2000,20,NO
314,3,5,2,LOW,YES,NO,AC,6000,50,YES
315,4,3,2,MEDIUM,YES,YES,AC,4000,20,NO
316,3,3,1,MEDIUM,NO,YES,AC,2000,30,YES
317,3,4,2,HIGH,YES,NO,AC,5000,20,NO
318,1,5,2,HIGH,NO,YES,AC,4000,30,YES
319,2,2,4,HIGH,YES,NO,NON AC,4000,40,NO
320,3,2,1,LOW,NO,NO,AC,2000,20,NO
321,2,3,2,LOW,NO,YES,AC,3000,20,YES
322,4,3,4,HIGH,NO,NO,AC,5000,20,YES
323,3,4,4,HIGH,NO,YES,AC,5000,30,NO
324,1,5,2,HIGH,YES,YES,NON AC,2000,20,YES
325,2,4,4,HIGH,YES,YES,AC,5000,30,NO
326,2,3,1,LOW,NO,YES,AC,2000,20,NO
327,3,5,4,HIGH,YES,NO,AC,3000,40,NO
328,4,2,2,MEDIUM,NO,YES,NON AC,4000,30,NO
329,2,3,2,HIGH,YES,NO,AC,3000,20,NO
330,2,5,2,MEDIUM,YES,YES,AC,4000,20,NO
331,4,3,4,LOW,YES,YES,AC,4000,40,YES
332,3,3,1,LOW,YES,YES,NON AC,2000,20,NO
333,4,5,2,MEDIUM,NO,YES,AC,3000,20,YES
334,2,2,2,HIGH,NO,YES,AC,5000,30,YES
335,4,2,2,HIGH,YES,YES,NON AC,5000,20,NO
336,3,2,3,LOW,YES,YES,AC,3000,30,NO
337,3,3,1,LOW,NO,YES,AC,4000,40,YES
338,3,5,2,MEDIUM,NO,YES,AC,4000,20,NO
339,2,3,2,HIGH,NO,YES,AC,3000,30,NO
340,3,3,1,MEDIUM,YES,YES,AC,2000,50,NO
341,3,5,2,HIGH,YES,YES,AC,4000,40,YES
342,1,2,1,LOW,NO,YES,AC,3000,20,YES
343,3,3,2,MEDIUM,YES,NO,AC,3000,30,NO
344,4,3,1,LOW,YES,YES,AC,3000,20,NO
345,2,4,2,MEDIUM,YES,YES,AC,4000,30,YES
346,5,3,4,MEDIUM,YES,NO,AC,4000,40,YES
347,2,3,1,LOW,NO,NO,NON AC,2000,20,YES
348,3,5,2,HIGH,YES,YES,AC,6000,30,YES
349,3,4,4,MEDIUM,YES,YES,AC,4000,40,YES
350,4,2,2,LOW,NO,YES,AC,2000,20,NO
351,2,5,1,MEDIUM,NO,YES,AC,4000,30,YES
352,3,3,2,HIGH,YES,NO,AC,5000,50,YES
353,3,4,1,MEDIUM,NO,NO,AC,2000,30,NO
354,2,5,1,LOW,YES,YES,AC,4000,50,NO
355,3,3,2,HIGH,YES,NO,NON AC,5000,60,YES
356,1,3,1,LOW,NO,YES,AC,3000,20,NO
357,2,4,2,MEDIUM,YES,YES,AC,5000,30,YES
358,2,5,4,HIGH,YES,YES,AC,5000,50,NO
359,1,2,1,LOW,NO,NO,NON AC,2000,20,YES
360,2,2,2,HIGH,YES,YES,AC,4000,30,NO
361,1,4,1,MEDIUM,YES,YES,AC,4000,50,NO
362,3,4,1,HIGH,NO,YES,AC,5000,30,NO
363,1,2,1,HIGH,NO,YES,NON AC,2000,20,YES
364,2,5,2,LOW,YES,NO,AC,6000,50,NO
365,3,3,2,MEDIUM,NO,YES,AC,4000,20,YES
366,2,3,1,MEDIUM,YES,YES,AC,3000,30,YES
367,2,4,2,HIGH,YES,YES,AC,5000,20,YES
368,3,5,2,HIGH,YES,YES,AC,5000,30,NO
369,4,2,4,HIGH,NO,NO,NON AC,4000,40,NO
370,3,2,1,LOW,NO,YES,AC,2000,20,NO
371,2,3,2,LOW,NO,YES,AC,3000,20,NO
372,5,3,4,HIGH,NO,NO,AC,5000,20,NO
373,4,4,4,HIGH,YES,NO,AC,5000,30,YES
374,4,5,2,HIGH,NO,YES,NON AC,2000,20,NO
375,3,4,4,HIGH,NO,NO,AC,5000,30,YES
376,3,2,4,MEDIUM,YES,NO,NON AC,4000,40,YES
377,3,3,4,HIGH,NO,YES,AC,6000,20,YES
378,2,4,3,LOW,YES,YES,NON AC,3000,30,NO
379,5,3,4,MEDIUM,YES,YES,AC,4000,30,NO
380,3,4,4,HIGH,NO,YES,AC,5000,20,NO
381,2,5,3,MEDIUM,YES,YES,AC,6000,30,NO
382,1,3,2,LOW,NO,YES,AC,2000,20,NO
383,3,5,2,MEDIUM,NO,YES,AC,4000,20,YES
384,4,4,3,LOW,YES,YES,AC,4000,30,NO
385,5,4,4,LOW,NO,NO,AC,3000,40,YES
386,3,3,2,LOW,YES,NO,AC,3000,30,YES
387,4,5,1,MEDIUM,NO,YES,AC,5000,30,YES
388,5,4,2,HIGH,YES,YES,NON AC,4000,20,NO
389,4,3,3,MEDIUM,NO,YES,AC,3000,30,YES
390,3,4,2,MEDIUM,YES,YES,AC,4000,20,NO
391,2,3,1,LOW,YES,YES,AC,3000,20,YES
392,3,3,4,HIGH,YES,YES,AC,4000,20,NO
393,4,3,2,MEDIUM,YES,YES,AC,4000,30,YES
394,5,3,4,HIGH,YES,YES,AC,3000,40,NO
395,3,2,1,LOW,NO,YES,NON AC,1000,20,YES
396,5,4,2,HIGH,YES,YES,AC,3000,30,YES
397,4,5,2,MEDIUM,YES,NO,AC,4000,50,YES
398,1,3,2,MEDIUM,YES,YES,YES,2000,20,NO
399,2,4,1,LOW,NO,YES,NO,2000,20,NO
400,4,3,2,HIGH,YES,YES,YES,4000,20,YES
401,3,3,1,MEDIUM,NO,YES,AC,2000,20,NO
402,3,4,2,LOW,NO,YES,AC,3000,20,NO
403,2,4,4,HIGH,YES,YES,AC,4000,30,NO
404,4,5,2,LOW,YES,YES,AC,4000,20,YES
405,2,3,4,MEDIUM,YES,YES,AC,3000,20,NO
406,1,2,1,HIGH,YES,YES,AC,4000,30,NO
407,4,4,5,HIGH,YES,YES,AC,5000,20,NO
408,3,3,3,MEDIUM,YES,YES,AC,3000,30,NO
409,2,3,2,LOW,YES,YES,AC,2000,20,NO
410,3,4,2,MEDIUM,YES,YES,AC,4000,20,YES
411,1,2,1,HIGH,YES,YES,AC,4000,20,YES
412,4,4,5,LOW,YES,YES,AC,3000,30,YES
413,2,3,2,MEDIUM,YES,YES,AC,3000,20,NO
414,4,5,5,LOW,YES,YES,AC,4000,20,YES
415,1,2,1,HIGH,YES,YES,AC,3000,30,YES
416,1,3,1,MEDIUM,YES,YES,AC,4000,20,YES
417,1,5,2,HIGH,YES,YES,AC,4000,20,YES
418,2,4,1,MEDIUM,YES,NO,AC,3000,20,YES
419,5,3,2,HIGH,NO,NO,AC,5000,20,NO
420,3,4,2,HIGH,YES,YES,AC,5000,30,YES
421,2,5,2,HIGH,YES,NO,AC,4000,40,YES
422,3,5,3,HIGH,YES,YES,AC,5000,20,YES
423,3,3,2,MEDIUM,YES,NO,AC,4000,30,NO
424,3,3,4,MEDIUM,YES,YES,AC,5000,50,NO
425,4,4,2,HIGH,YES,YES,AC,5000,40,NO
426,2,2,1,MEDIUM,NO,YES,NON AC,2000,20,NO
427,3,3,3,MEDIUM,YES,YES,AC,4000,30,NO
428,1,2,1,LOW,NO,YES,NON AC,1000,20,NO
429,2,5,2,HIGH,YES,NO,AC,5000,50,YES
430,4,3,3,MEDIUM,YES,YES,AC,3000,30,NO
431,2,4,4,LOW,NO,YES,AC,5000,40,NO
432,4,3,2,HIGH,YES,NO,NON AC,3000,20,NO
433,3,4,3,MEDIUM,YES,YES,AC,4000,30,YES
434,3,3,2,MEDIUM,YES,NO,AC,4000,30,NO
435,2,4,1,LOW,YES,YES,AC,2000,20,NO
436,4,5,2,HIGH,YES,NO,AC,3000,50,YES
437,2,3,2,HIGH,YES,NO,AC,3000,20,NO
438,3,5,2,MEDIUM,NO,YES,AC,4000,30,YES
439,1,4,1,LOW,YES,NO,AC,3000,50,YES
440,2,4,2,LOW,NO,NO,AC,2000,40,YES
441,1,3,1,MEDIUM,NO,YES,AC,3000,30,NO
442,2,3,2,HIGH,YES,YES,AC,4000,30,NO
443,2,3,2,HIGH,NO,YES,NON AC,3000,20,YES
444,4,2,4,MEDIUM,YES,NO,AC,5000,30,YES
445,3,4,3,MEDIUM,YES,NO,AC,3000,40,YES
446,2,4,2,HIGH,YES,YES,AC,5000,20,NO
447,1,2,1,HIGH,NO,NO,NON AC,3000,30,NO
448,4,1,1,LOW,NO,YES,AC,3000,40,NO
449,1,3,1,LOW,NO,YES,NON AC,2000,20,YES
450,3,4,2,MEDIUM,YES,YES,AC,3000,30,NO
451,4,4,4,HIGH,YES,NO,AC,3000,40,YES
452,1,3,1,MEDIUM,NO,YES,NON AC,2000,20,NO
453,2,4,2,HIGH,NO,YES,AC,3000,30,NO
454,4,4,4,HIGH,YES,NO,AC,4000,40,NO
455,1,4,2,MEDIUM,NO,YES,AC,4000,20,YES
456,3,1,3,LOW,YES,YES,NON AC,3000,40,YES
457,2,3,4,HIGH,NO,NO,AC,4000,20,YES
458,2,4,2,LOW,YES,YES,AC,4000,20,NO
459,4,3,5,HIGH,NO,NO,AC,1000,40,YES
460,2,3,3,MEDIUM,YES,YES,AC,3000,20,YES
461,2,4,4,HIGH,YES,YES,AC,4000,30,YES
462,4,5,2,LOW,YES,YES,AC,4000,20,YES
463,2,3,2,LOW,NO,YES,AC,3000,20,NO
464,4,3,1,HIGH,YES,NO,AC,4000,40,NO
465,2,5,2,LOW,YES,NO,NON AC,3000,30,NO
466,1,4,4,LOW,NO,YES,NON AC,2000,20,NO
467,3,3,2,MEDIUM,YES,NO,AC,4000,35,YES
468,1,4,2,MEDIUM,YES,YES,AC,5000,50,NO
469,1,2,2,LOW,NO,YES,NON AC,1500,22,YES
470,2,3,2,MEDIUM,YES,YES,AC,4000,29,NO
471,5,4,3,HIGH,YES,YES,AC,9000,45,YES
472,2,4,2,LOW,NO,NO,AC,3000,37,YES
473,3,3,1,MEDIUM,NO,YES,AC,3000,30,NO
474,3,4,2,LOW,YES,YES,AC,3500,35,NO
475,2,3,2,HIGH,NO,YES,AC,4000,40,YES
476,3,3,1,HIGH,YES,YES,AC,4000,30,YES
477,3,3,2,HIGH,NO,NO,AC,3000,30,YES
478,2,2,3,LOW,NO,NO,AC,2000,25,NO
479,2,3,1,LOW,NO,YES,AC,2000,20,NO
480,3,5,4,HIGH,YES,NO,AC,3000,40,YES
481,4,2,2,MEDIUM,NO,YES,NON AC,4000,30,NO
482,2,3,2,HIGH,YES,NO,AC,3000,20,NO
483,2,5,2,MEDIUM,YES,YES,AC,4000,20,NO
484,4,3,4,LOW,YES,YES,AC,4000,40,YES
485,3,3,1,LOW,YES,YES,NON AC,2000,20,YES
486,4,5,2,MEDIUM,NO,YES,AC,3000,20,YES
487,2,2,2,HIGH,NO,YES,AC,5000,30,NO
488,4,2,2,HIGH,YES,YES,NON AC,5000,20,NO
489,3,2,3,LOW,YES,YES,AC,3000,30,YES
490,3,3,1,LOW,NO,YES,AC,4000,40,NO
491,3,5,2,MEDIUM,NO,YES,AC,4000,20,YES
492,2,3,2,HIGH,NO,YES,AC,3000,30,YES
493,3,3,1,MEDIUM,YES,YES,AC,2000,50,YES
494,3,5,2,HIGH,YES,YES,AC,4000,40,YES
495,1,2,1,LOW,NO,YES,AC,3000,20,NO
496,3,3,2,MEDIUM,YES,NO,AC,3000,30,YES
497,4,3,1,LOW,YES,YES,AC,3000,20,NO
498,2,4,2,MEDIUM,YES,YES,AC,4000,30,YES
499,5,3,4,MEDIUM,YES,NO,AC,4000,40,YES
500,2,3,1,LOW,NO,NO,NON AC,2000,20,NO
501,3,5,2,HIGH,YES,YES,AC,6000,30,YES
502,3,4,4,MEDIUM,YES,YES,AC,4000,40,YES
503,4,2,2,LOW,NO,YES,AC,2000,20,YES
504,2,5,1,MEDIUM,NO,YES,AC,4000,30,NO
505,3,3,2,HIGH,YES,NO,AC,5000,50,NO
506,3,4,1,MEDIUM,NO,NO,AC,2000,30,YES
507,2,5,1,LOW,YES,YES,AC,4000,50,YES
508,3,3,2,HIGH,YES,NO,NON AC,5000,60,NO
509,1,3,1,LOW,NO,YES,AC,3000,20,NO
510,2,4,2,MEDIUM,YES,YES,AC,5000,30,YES
511,2,5,4,HIGH,YES,YES,AC,5000,50,YES
512,1,2,1,LOW,NO,NO,NON AC,2000,20,NO
513,2,2,2,HIGH,YES,YES,AC,4000,30,NO
514,1,4,1,MEDIUM,YES,YES,AC,4000,50,NO
515,3,4,1,HIGH,NO,YES,AC,5000,30,YES
516,1,2,1,HIGH,NO,YES,NON AC,2000,20,NO
517,2,5,2,LOW,YES,NO,AC,6000,50,NO
518,3,3,2,MEDIUM,NO,YES,AC,4000,20,YES
519,2,3,1,MEDIUM,YES,YES,AC,3000,30,YES
520,2,4,2,HIGH,YES,YES,AC,5000,20,YES
521,3,5,2,HIGH,YES,YES,AC,5000,30,YES
522,4,2,4,HIGH,NO,NO,NON AC,4000,40,YES
523,3,2,1,LOW,NO,YES,AC,2000,20,YES
524,2,3,2,LOW,NO,YES,AC,3000,20,NO
525,5,3,4,HIGH,NO,NO,AC,5000,20,YES
526,4,4,4,HIGH,YES,NO,AC,5000,30,YES
527,4,5,2,HIGH,NO,YES,NON AC,2000,20,YES
528,3,4,4,HIGH,NO,NO,AC,5000,30,YES
529,3,2,4,MEDIUM,YES,NO,NON AC,4000,40,NO
530,3,3,4,HIGH,NO,YES,AC,6000,20,YES
531,2,4,3,LOW,YES,YES,NON AC,3000,30,NO
532,5,3,4,MEDIUM,YES,YES,AC,4000,30,YES
533,3,4,4,HIGH,NO,YES,AC,5000,20,YES
534,2,5,3,MEDIUM,YES,YES,AC,6000,30,YES
535,1,3,2,LOW,NO,YES,AC,2000,20,YES
536,3,5,2,MEDIUM,NO,YES,AC,4000,20,YES
537,4,4,3,LOW,YES,YES,AC,4000,30,YES
538,5,4,4,LOW,NO,NO,AC,3000,40,YES
539,3,3,2,LOW,YES,NO,AC,3000,30,YES
540,4,5,1,MEDIUM,NO,YES,AC,5000,30,NO
541,5,4,2,HIGH,YES,YES,NON AC,4000,20,NO
542,4,3,3,MEDIUM,NO,YES,AC,3000,30,YES
543,3,4,2,MEDIUM,YES,YES,AC,4000,20,NO
544,2,3,1,LOW,YES,YES,AC,3000,20,NO
545,3,3,4,HIGH,YES,YES,AC,4000,20,YES
546,4,3,2,MEDIUM,YES,YES,AC,4000,30,YES
547,5,3,4,HIGH,YES,YES,AC,3000,40,YES
548,3,2,1,LOW,NO,YES,NON AC,1000,20,YES
549,5,4,2,HIGH,YES,YES,AC,3000,30,YES
550,4,5,2,MEDIUM,YES,NO,AC,4000,50,YES
551,1,3,2,MEDIUM,YES,YES,NON AC,2000,20,NO
552,2,4,1,LOW,NO,YES,NON AC,2000,20,YES
553,4,3,2,HIGH,YES,YES,AC,4000,20,YES
554,3,3,1,MEDIUM,NO,YES,AC,2000,20,YES
555,3,4,2,LOW,NO,YES,AC,3000,20,YES
556,2,4,4,HIGH,YES,YES,AC,4000,30,YES
557,4,5,2,LOW,YES,YES,AC,4000,20,YES
558,2,3,4,MEDIUM,YES,YES,AC,3000,20,YES
559,1,2,1,HIGH,YES,YES,AC,4000,30,NO
560,4,4,5,HIGH,YES,YES,AC,5000,20,YES
561,3,3,3,MEDIUM,YES,YES,AC,3000,30,YES
562,2,3,2,LOW,YES,YES,AC,2000,20,NO
563,3,4,2,MEDIUM,YES,YES,AC,4000,20,NO
564,1,2,1,HIGH,YES,YES,AC,4000,20,NO
565,4,4,5,LOW,YES,YES,AC,3000,30,YES
566,2,3,2,MEDIUM,YES,YES,AC,3000,20,NO
567,4,5,5,LOW,YES,YES,AC,4000,20,YES
568,1,2,1,HIGH,YES,YES,AC,3000,30,NO
569,1,3,1,MEDIUM,YES,YES,AC,4000,20,NO
570,1,5,2,HIGH,YES,YES,AC,4000,20,NO
571,2,4,1,MEDIUM,YES,NO,AC,3000,20,YES
572,5,3,2,HIGH,NO,NO,AC,5000,20,NO
573,3,4,2,HIGH,YES,YES,AC,5000,30,YES
574,2,5,2,HIGH,YES,NO,AC,4000,40,YES
575,3,5,3,HIGH,YES,YES,AC,5000,20,YES
576,3,3,2,MEDIUM,YES,NO,AC,4000,30,NO
577,3,3,4,MEDIUM,YES,YES,AC,5000,50,YES
578,4,4,2,HIGH,YES,YES,AC,5000,40,YES
579,2,2,1,MEDIUM,NO,YES,NON AC,2000,20,NO
580,3,3,3,MEDIUM,YES,YES,AC,4000,30,YES
581,1,2,1,LOW,NO,YES,NON AC,1000,20,NO
582,2,5,2,HIGH,YES,NO,AC,5000,50,YES
583,4,3,3,MEDIUM,YES,YES,AC,3000,30,YES
584,2,4,4,LOW,NO,YES,AC,5000,40,YES
585,4,3,2,HIGH,YES,NO,NON AC,3000,20,NO
586,3,4,3,MEDIUM,YES,YES,AC,4000,30,YES
587,3,3,2,MEDIUM,YES,NO,AC,4000,30,NO
588,2,4,1,LOW,YES,YES,AC,2000,20,YES
589,4,5,2,HIGH,YES,NO,AC,3000,50,YES
590,2,3,2,HIGH,YES,NO,AC,3000,20,YES
591,3,5,2,MEDIUM,NO,YES,AC,4000,30,YES
592,1,4,1,LOW,YES,NO,AC,3000,50,NO
593,2,4,2,LOW,NO,NO,AC,2000,40,NO
594,1,3,1,MEDIUM,NO,YES,AC,3000,30,NO
595,2,3,2,HIGH,YES,YES,AC,4000,30,YES
596,2,3,2,HIGH,NO,YES,NON AC,3000,20,NO
597,4,2,4,MEDIUM,YES,NO,AC,5000,30,YES
598,3,4,3,MEDIUM,YES,NO,AC,3000,40,YES
599,2,4,2,HIGH,YES,YES,AC,5000,20,NO
600,1,2,1,HIGH,NO,NO,NON AC,3000,30,NO
601,4,2,1,LOW,NO,YES,AC,3000,40,YES
602,1,3,1,LOW,NO,YES,NON AC,2000,20,NO
603,3,4,2,MEDIUM,YES,YES,AC,3000,30,YES
604,4,4,4,HIGH,YES,NO,AC,3000,40,YES
605,1,3,1,MEDIUM,NO,YES,NON AC,2000,20,NO
606,2,4,2,HIGH,NO,YES,AC,3000,30,YES
607,4,4,4,HIGH,YES,NO,AC,4000,40,YES
608,1,4,2,MEDIUM,NO,YES,AC,4000,20,NO
609,3,2,3,LOW,YES,YES,NON AC,3000,40,NO
610,2,3,4,HIGH,NO,NO,AC,4000,20,YES
611,2,4,2,LOW,YES,YES,AC,4000,20,YES
612,4,3,5,HIGH,NO,NO,AC,1000,40,YES
613,2,3,3,MEDIUM,YES,YES,AC,3000,20,NO
614,2,4,4,HIGH,YES,YES,AC,4000,30,YES
615,4,5,2,LOW,YES,YES,AC,4000,20,YES
616,2,3,2,LOW,NO,YES,AC,3000,20,NO
617,4,3,1,HIGH,YES,NO,AC,4000,40,YES
618,2,5,2,LOW,YES,NO,NON AC,3000,30,YES
619,1,4,4,LOW,NO,YES,NON AC,2000,20,NO
620,2,4,2,HIGH,YES,YES,AC,5000,20,YES
621,3,5,2,HIGH,YES,YES,AC,5000,30,YES
622,4,2,4,HIGH,NO,NO,NON AC,4000,40,NO
623,3,2,1,LOW,NO,YES,AC,2000,20,NO
624,2,3,2,LOW,NO,YES,AC,3000,20,NO
625,5,3,4,HIGH,NO,NO,AC,5000,20,NO
626,4,4,4,HIGH,YES,NO,AC,5000,30,YES
627,4,5,2,HIGH,NO,YES,NON AC,2000,20,NO
628,3,4,4,HIGH,NO,NO,AC,5000,30,YES
629,3,2,4,MEDIUM,YES,NO,NON AC,4000,40,YES
630,3,3,4,HIGH,NO,YES,AC,6000,20,NO
631,2,4,3,LOW,YES,YES,NON AC,3000,30,YES
632,5,3,4,MEDIUM,YES,YES,AC,4000,30,YES
633,3,4,4,HIGH,NO,YES,AC,5000,20,YES
634,2,5,3,MEDIUM,YES,YES,AC,6000,30,NO
635,1,3,2,LOW,NO,YES,AC,2000,20,NO
636,3,5,2,MEDIUM,NO,YES,AC,4000,20,YES
637,4,4,3,LOW,YES,YES,AC,4000,30,NO
638,5,4,4,LOW,NO,NO,AC,3000,40,NO
639,3,3,2,LOW,YES,NO,AC,3000,30,NO
640,4,5,1,MEDIUM,NO,YES,AC,5000,30,YES
641,5,4,2,HIGH,YES,YES,NON AC,4000,20,NO
642,4,3,3,MEDIUM,NO,YES,AC,3000,30,YES
643,3,4,2,MEDIUM,YES,YES,AC,4000,20,YES
644,2,3,1,LOW,YES,YES,AC,3000,20,NO
645,3,3,4,HIGH,YES,YES,AC,4000,20,YES
646,4,3,2,MEDIUM,YES,YES,AC,4000,30,NO
647,5,3,4,HIGH,YES,YES,AC,3000,40,YES
648,3,2,1,LOW,NO,YES,NON AC,1000,20,YES
649,5,4,2,HIGH,YES,YES,AC,3000,30,YES
650,4,5,2,MEDIUM,YES,NO,AC,4000,50,NO
651,1,3,2,MEDIUM,YES,YES,AC,2000,20,NO
652,2,4,1,LOW,NO,YES,NON AC,2000,20,YES
653,4,3,2,HIGH,YES,YES,AC,4000,20,NO
654,3,3,1,MEDIUM,NO,YES,AC,2000,20,NO
655,3,4,2,LOW,NO,YES,AC,3000,20,YES
656,2,4,4,HIGH,YES,YES,AC,4000,30,YES
657,4,5,2,LOW,YES,YES,AC,4000,20,YES
658,2,3,4,MEDIUM,YES,YES,AC,3000,20,NO
659,1,2,1,HIGH,YES,YES,AC,4000,30,YES
660,4,4,5,HIGH,YES,YES,AC,5000,20,NO
661,3,3,3,MEDIUM,YES,YES,AC,3000,30,NO
662,2,3,2,LOW,YES,YES,AC,2000,20,YES
663,3,4,2,MEDIUM,YES,YES,AC,4000,20,YES
664,1,2,1,HIGH,YES,YES,AC,4000,20,NO
665,4,4,5,LOW,YES,YES,AC,3000,30,NO
666,2,3,2,MEDIUM,YES,YES,AC,3000,20,YES
667,4,5,5,LOW,YES,YES,AC,4000,20,NO
668,1,2,1,HIGH,YES,YES,AC,3000,30,YES
669,1,3,1,MEDIUM,YES,YES,AC,4000,20,YES
670,1,5,2,HIGH,YES,YES,AC,4000,20,NO
671,3,5,2,LOW,YES,YES,AC,4000,20,YES
672,4,4,3,HIGH,YES,YES,AC,3000,30,YES
673,4,3,4,MEDIUM,YES,YES,AC,300,40,YES
674,3,3,3,HIGH,YES,YES,AC,3000,20,YES
675,2,3,5,MEDIUM,YES,YES,AC,3000,30,NO
676,2,3,3,LOW,YES,NO,AC,3000,40,NO
677,1,3,3,LOW,YES,YES,AC,3000,30,NO
678,4,4,4,MEDIUM,YES,YES,AC,4000,40,YES
679,3,4,4,HIGH,YES,NO,NON AC,4000,20,YES
680,2,3,4,HIGH,YES,NO,NON AC,2000,40,NO
681,1,3,4,LOW,YES,YES,AC,1000,30,NO
682,3,3,1,LOW,YES,YES,AC,3000,40,YES
683,4,4,2,MEDIUM,YES,NO,NON AC,5000,30,NO
684,1,3,3,HIGH,YES,YES,AC,2000,20,YES
685,2,2,2,MEDIUM,YES,NO,AC,1000,20,NO
686,1,3,3,HIGH,YES,YES,AC,3000,40,NO
687,3,3,3,LOW,YES,YES,AC,3000,30,YES
688,2,2,4,MEDIUM,YES,YES,AC,2000,30,NO
689,3,5,2,MEDIUM,YES,YES,AC,4000,20,NO
690,4,4,2,HIGH,YES,NO,NON AC,3000,40,YES
691,5,2,1,MEDIUM,YES,NO,NON AC,3000,20,YES
692,4,4,2,HIGH,YES,YES,AC,4000,30,NO
693,3,3,1,LOW,YES,YES,AC,3000,40,YES
694,2,5,2,MEDIUM,YES,NO,NON AC,2000,40,YES
695,3,2,1,LOW,YES,YES,AC,3000,30,NO
696,4,3,2,MEDIUM,YES,NO,AC,4000,20,YES
697,5,5,4,MEDIUM,YES,YES,AC,2000,20,NO
698,3,5,1,LOW,YES,YES,AC,1000,30,YES
699,5,4,2,HIGH,YES,YES,AC,2000,40,YES
700,4,3,4,MEDIUM,YES,YES,AC,3000,30,NO
701,1,3,2,LOW,YES,YES,AC,5000,30,NO
702,2,3,1,MEDIUM,YES,NO,NON AC,4000,20,YES
703,4,3,2,HIGH,YES,NO,NON AC,3000,30,YES
704,3,3,1,MEDIUM,YES,YES,AC,2000,40,NO
705,3,4,1,LOW,YES,YES,AC,3000,30,NO
706,2,4,2,HIGH,YES,NO,NON AC,2000,20,NO
707,4,3,1,LOW,YES,YES,AC,4000,40,NO
708,2,3,2,MEDIUM,YES,NO,AC,2000,20,YES
709,1,5,4,HIGH,YES,YES,AC,3000,40,NO
710,4,2,2,MEDIUM,YES,YES,AC,4000,30,NO
711,2,3,2,HIGH,YES,YES,AC,3000,20,YES
712,2,5,2,MEDIUM,YES,YES,AC,4000,20,NO
713,4,3,4,LOW,YES,YES,AC,4000,40,NO
714,3,3,1,LOW,YES,YES,NON AC,2000,20,NO
715,4,5,2,MEDIUM,NO,YES,AC,3000,20,YES
716,2,2,2,HIGH,NO,YES,AC,5000,30,YES
717,4,2,2,HIGH,YES,YES,NON AC,5000,20,NO
718,3,2,3,LOW,YES,YES,AC,3000,30,YES
719,3,3,1,LOW,NO,YES,AC,4000,40,YES
720,3,5,2,MEDIUM,NO,YES,AC,4000,20,NO
721,2,3,2,HIGH,NO,YES,AC,3000,30,YES
722,3,3,1,MEDIUM,YES,YES,AC,2000,50,YES
723,3,5,2,HIGH,YES,YES,AC,4000,40,NO
724,1,2,1,LOW,NO,YES,AC,3000,20,NO
725,3,3,2,MEDIUM,YES,NO,AC,3000,30,NO
726,4,3,1,LOW,YES,YES,AC,3000,20,NO
727,2,4,2,MEDIUM,YES,YES,AC,4000,30,YES
728,5,3,4,MEDIUM,YES,NO,AC,4000,40,YES
729,2,3,1,LOW,NO,NO,NON AC,2000,20,YES
730,3,5,2,HIGH,YES,YES,AC,6000,30,NO
731,3,4,4,MEDIUM,YES,YES,AC,4000,40,NO
732,4,2,2,LOW,NO,YES,AC,2000,20,YES
733,2,5,1,MEDIUM,NO,YES,AC,4000,30,YES
734,3,3,2,HIGH,YES,NO,AC,5000,50,NO
735,3,4,1,MEDIUM,NO,NO,AC,2000,30,YES
736,2,5,1,LOW,YES,YES,AC,4000,50,YES
737,3,3,2,HIGH,YES,NO,NON AC,5000,60,NO
738,1,3,1,LOW,NO,YES,AC,3000,20,NO
739,2,4,2,MEDIUM,YES,YES,AC,5000,30,NO
740,2,5,4,HIGH,YES,YES,AC,5000,50,YES
741,1,2,1,LOW,NO,NO,NON AC,2000,20,YES
742,2,2,2,HIGH,YES,YES,AC,4000,30,NO
743,1,4,1,MEDIUM,YES,YES,AC,4000,50,NO
744,3,4,1,HIGH,NO,YES,AC,5000,30,NO
745,1,2,1,HIGH,NO,YES,NON AC,2000,20,NO
746,2,5,2,LOW,YES,NO,AC,6000,50,NO
747,3,3,2,MEDIUM,NO,YES,AC,4000,20,NO
748,2,3,1,MEDIUM,YES,YES,AC,3000,30,YES
749,2,4,2,HIGH,YES,YES,AC,5000,20,NO
750,3,5,2,HIGH,YES,YES,AC,5000,30,NO
751,4,2,4,HIGH,NO,NO,NON AC,4000,40,YES
752,3,2,1,LOW,NO,YES,AC,2000,20,YES
753,2,3,2,LOW,NO,YES,AC,3000,20,NO
754,5,3,4,HIGH,NO,NO,AC,5000,20,NO
755,4,4,4,HIGH,YES,NO,AC,5000,30,YES
756,4,5,2,HIGH,NO,YES,NON AC,2000,20,NO
757,3,4,4,HIGH,NO,NO,AC,5000,30,NO
758,3,2,4,MEDIUM,YES,NO,NON AC,4000,40,YES
759,3,3,4,HIGH,NO,YES,AC,6000,20,NO
760,2,4,3,LOW,YES,YES,NON AC,3000,30,NO
761,5,3,4,MEDIUM,YES,YES,AC,4000,30,NO
762,3,4,4,HIGH,NO,YES,AC,5000,20,NO
763,2,5,3,MEDIUM,YES,YES,AC,6000,30,NO
764,1,3,2,LOW,NO,YES,AC,2000,20,YES
765,3,5,2,MEDIUM,NO,YES,AC,4000,20,NO
766,4,4,3,LOW,YES,YES,AC,4000,30,YES
767,5,4,4,LOW,NO,NO,AC,3000,40,NO
768,3,3,2,LOW,YES,NO,AC,3000,30,YES
769,4,5,1,MEDIUM,NO,YES,AC,5000,30,YES
770,5,4,2,HIGH,YES,YES,NON AC,4000,20,YES
771,4,3,3,MEDIUM,NO,YES,AC,3000,30,YES
772,3,4,2,MEDIUM,YES,YES,AC,4000,20,NO
773,2,3,1,LOW,YES,YES,AC,3000,20,NO
774,3,3,4,HIGH,YES,YES,AC,4000,20,NO
775,4,3,2,MEDIUM,YES,YES,AC,4000,30,YES
776,5,3,4,HIGH,YES,YES,AC,3000,40,NO
777,3,2,1,LOW,NO,YES,NON AC,1000,20,YES
778,5,4,2,HIGH,YES,YES,AC,3000,30,NO
779,4,5,2,MEDIUM,YES,NO,AC,4000,50,YES
780,1,3,2,MEDIUM,YES,YES,AC,2000,20,YES
781,2,4,1,LOW,NO,YES,NON AC,2000,20,YES
782,4,3,2,HIGH,YES,YES,AC,4000,20,NO
783,3,3,1,MEDIUM,NO,YES,AC,2000,20,YES
784,3,4,2,LOW,NO,YES,AC,3000,20,NO
785,2,4,4,HIGH,YES,YES,AC,4000,30,YES
786,4,5,2,LOW,YES,YES,AC,4000,20,NO
787,2,3,4,MEDIUM,YES,YES,AC,3000,20,NO
788,1,2,1,HIGH,YES,YES,AC,4000,30,YES
789,4,4,5,HIGH,YES,YES,AC,5000,20,NO
790,3,3,3,MEDIUM,YES,YES,AC,3000,30,NO
791,2,3,2,LOW,YES,YES,AC,2000,20,YES
792,3,4,2,MEDIUM,YES,YES,AC,4000,20,NO
793,1,2,1,HIGH,YES,YES,AC,4000,20,NO
794,4,4,5,LOW,YES,YES,AC,3000,30,YES
795,2,3,2,MEDIUM,YES,YES,AC,3000,20,NO
796,4,5,5,LOW,YES,YES,AC,4000,20,YES
797,1,2,1,HIGH,YES,YES,AC,3000,30,YES
798,1,3,1,MEDIUM,YES,YES,AC,4000,20,YES
799,1,5,2,HIGH,YES,YES,AC,4000,20,YES
800,2,4,1,MEDIUM,YES,NO,AC,3000,20,NO
801,5,3,2,HIGH,NO,NO,AC,5000,20,NO
802,3,4,2,HIGH,YES,YES,AC,5000,30,NO
803,2,5,2,HIGH,YES,NO,AC,4000,40,NO
804,3,5,3,HIGH,YES,YES,AC,5000,20,NO
805,3,3,2,MEDIUM,YES,NO,AC,4000,30,YES
806,3,3,4,MEDIUM,YES,YES,AC,5000,50,YES
807,4,4,2,HIGH,YES,YES,AC,5000,40,NO
808,2,2,1,MEDIUM,NO,YES,NON AC,2000,20,YES
809,3,3,3,MEDIUM,YES,YES,AC,4000,30,YES
810,1,2,1,LOW,NO,YES,NON AC,1000,20,YES
811,2,5,2,HIGH,YES,NO,AC,5000,50,NO
812,4,3,3,MEDIUM,YES,YES,AC,3000,30,NO
813,2,4,4,LOW,NO,YES,AC,5000,40,YES
814,4,3,2,HIGH,YES,NO,NON AC,3000,20,NO
815,3,4,3,MEDIUM,YES,YES,AC,4000,30,NO
816,3,3,2,MEDIUM,YES,NO,AC,4000,30,NO
817,2,4,1,LOW,YES,YES,AC,2000,20,YES
818,4,5,2,HIGH,YES,NO,AC,3000,50,YES
819,2,3,2,HIGH,YES,NO,AC,3000,20,YES
820,3,5,2,MEDIUM,NO,YES,AC,4000,30,YES
821,1,4,1,LOW,YES,NO,AC,3000,50,NO
822,2,4,2,LOW,NO,NO,AC,2000,40,YES
823,1,3,1,MEDIUM,NO,YES,AC,3000,30,NO
824,2,3,2,HIGH,YES,YES,AC,4000,30,YES
825,2,3,2,HIGH,NO,YES,NON AC,3000,20,NO
826,4,2,4,MEDIUM,YES,NO,AC,5000,30,YES
827,3,4,3,MEDIUM,YES,NO,AC,3000,40,YES
828,2,4,2,HIGH,YES,YES,AC,5000,20,NO
829,1,2,1,HIGH,NO,NO,NON AC,3000,30,NO
830,4,1,1,LOW,NO,YES,AC,3000,40,NO
831,1,3,1,LOW,NO,YES,NON AC,2000,20,NO
832,3,4,2,MEDIUM,YES,YES,AC,3000,30,YES
833,4,4,4,HIGH,YES,NO,AC,3000,40,YES
834,1,3,1,MEDIUM,NO,YES,NON AC,2000,20,NO
835,2,4,2,HIGH,NO,YES,AC,3000,30,YES
836,4,4,4,HIGH,YES,NO,AC,4000,40,NO
837,1,4,2,MEDIUM,NO,YES,AC,4000,20,YES
838,3,1,3,LOW,YES,YES,NON AC,3000,40,NO
839,2,3,4,HIGH,NO,NO,AC,4000,20,NO
840,2,4,2,LOW,YES,YES,AC,4000,20,NO
841,4,3,5,HIGH,NO,NO,AC,1000,40,YES
842,2,3,3,MEDIUM,YES,YES,AC,3000,20,YES
843,2,4,4,HIGH,YES,YES,AC,4000,30,NO
844,4,5,2,LOW,YES,YES,AC,4000,20,NO
845,2,3,2,LOW,NO,YES,AC,3000,20,NO
846,4,3,1,HIGH,YES,NO,AC,4000,40,YES
847,2,5,2,LOW,YES,NO,NON AC,3000,30,YES
848,1,4,4,LOW,NO,YES,NON AC,2000,20,NO
849,2,3,1,LOW,NO,YES,AC,2000,20,NO
850,3,5,4,HIGH,YES,NO,AC,3000,40,YES
851,4,2,2,MEDIUM,NO,YES,NON AC,4000,30,NO
852,2,3,2,HIGH,YES,NO,AC,3000,20,NO
853,2,5,2,MEDIUM,YES,YES,AC,4000,20,NO
854,4,3,4,LOW,YES,YES,AC,4000,40,NO
855,3,3,1,LOW,YES,YES,NON AC,2000,20,YES
856,4,5,2,MEDIUM,NO,YES,AC,3000,20,YES
857,2,2,2,HIGH,NO,YES,AC,5000,30,NO
858,4,2,2,HIGH,YES,YES,NON AC,5000,20,YES
859,3,2,3,LOW,YES,YES,AC,3000,30,YES
860,3,3,1,LOW,NO,YES,AC,4000,40,YES
861,3,5,2,MEDIUM,NO,YES,AC,4000,20,YES
862,2,3,2,HIGH,NO,YES,AC,3000,30,YES
863,3,3,1,MEDIUM,YES,YES,AC,2000,50,NO
864,3,5,2,HIGH,YES,YES,AC,4000,40,YES
865,1,2,1,LOW,NO,YES,AC,3000,20,YES
866,3,3,2,MEDIUM,YES,NO,AC,3000,30,YES
867,4,3,1,LOW,YES,YES,AC,3000,20,NO
868,2,4,2,MEDIUM,YES,YES,AC,4000,30,YES
869,5,3,4,MEDIUM,YES,NO,AC,4000,40,YES
870,2,3,1,LOW,NO,NO,NON AC,2000,20,YES
871,3,5,2,HIGH,YES,YES,AC,6000,30,YES
872,3,4,4,MEDIUM,YES,YES,AC,4000,40,YES
873,4,2,2,LOW,NO,YES,AC,2000,20,YES
874,2,5,1,MEDIUM,NO,YES,AC,4000,30,YES
875,3,3,2,HIGH,YES,NO,AC,5000,50,YES
876,3,4,1,MEDIUM,NO,NO,AC,2000,30,YES
877,2,5,1,LOW,YES,YES,AC,4000,50,YES
878,3,3,2,HIGH,YES,NO,NON AC,5000,60,YES
879,1,3,1,LOW,NO,YES,AC,3000,20,YES
880,2,4,2,MEDIUM,YES,YES,AC,5000,30,NO
881,2,5,4,HIGH,YES,YES,AC,5000,50,YES
882,1,2,1,LOW,NO,NO,NON AC,2000,20,NO
883,2,2,2,HIGH,YES,YES,AC,4000,30,YES
884,1,4,1,MEDIUM,YES,YES,AC,4000,50,YES
885,3,4,1,HIGH,NO,YES,AC,5000,30,YES
886,1,2,1,HIGH,NO,YES,NON AC,2000,20,YES
887,2,5,2,LOW,YES,NO,AC,6000,50,NO
888,3,3,2,MEDIUM,NO,YES,AC,4000,20,YES
889,2,3,1,MEDIUM,YES,YES,AC,3000,30,YES
890,2,4,2,HIGH,YES,YES,AC,5000,20,YES
891,3,5,2,HIGH,YES,YES,AC,5000,30,YES
892,4,2,4,HIGH,NO,NO,NON AC,4000,40,NO
893,3,2,1,LOW,NO,YES,AC,2000,20,YES
894,2,3,2,LOW,NO,YES,AC,3000,20,NO
895,5,3,4,HIGH,NO,NO,AC,5000,20,YES
896,4,4,4,HIGH,YES,NO,AC,5000,30,YES
897,4,5,2,HIGH,NO,YES,NON AC,2000,20,NO
898,3,4,4,HIGH,NO,NO,AC,5000,30,YES
899,3,2,4,MEDIUM,YES,NO,NON AC,4000,40,YES
900,3,3,4,HIGH,NO,YES,AC,6000,20,NO
901,2,4,3,LOW,YES,YES,NON AC,3000,30,NO
902,5,3,4,MEDIUM,YES,YES,AC,4000,30,YES
903,3,4,4,HIGH,NO,YES,AC,5000,20,YES
904,2,5,3,MEDIUM,YES,YES,AC,6000,30,YES
905,1,3,2,LOW,NO,YES,AC,2000,20,NO
906,3,5,2,MEDIUM,NO,YES,AC,4000,20,YES
907,4,4,3,LOW,YES,YES,AC,4000,30,NO
908,5,4,4,LOW,NO,NO,AC,3000,40,NO
909,3,3,2,LOW,YES,NO,AC,3000,30,NO
910,4,5,1,MEDIUM,NO,YES,AC,5000,30,YES
911,5,4,2,HIGH,YES,YES,NON AC,4000,20,YES
912,4,3,3,MEDIUM,NO,YES,AC,3000,30,YES
913,3,4,2,MEDIUM,YES,YES,AC,4000,20,YES
914,2,3,1,LOW,YES,YES,AC,3000,20,YES
915,3,3,4,HIGH,YES,YES,AC,4000,20,NO
916,4,3,2,MEDIUM,YES,YES,AC,4000,30,YES
917,5,3,4,HIGH,YES,YES,AC,3000,40,YES
918,3,2,1,LOW,NO,YES,NON AC,1000,20,YES
919,5,4,2,HIGH,YES,YES,AC,3000,30,YES
920,4,5,2,MEDIUM,YES,NO,AC,4000,50,NO
921,1,3,2,MEDIUM,YES,YES,YES,2000,20,NO
922,2,4,1,LOW,NO,YES,NO,2000,20,NO
923,4,3,2,HIGH,YES,YES,YES,4000,20,YES
924,3,3,1,MEDIUM,NO,YES,AC,2000,20,YES
925,3,4,2,LOW,NO,YES,AC,3000,20,YES
926,2,4,4,HIGH,YES,YES,AC,4000,30,NO
927,4,5,2,LOW,YES,YES,AC,4000,20,YES
928,2,3,4,MEDIUM,YES,YES,AC,3000,20,YES
929,1,2,1,HIGH,YES,YES,AC,4000,30,YES
930,4,4,5,HIGH,YES,YES,AC,5000,20,NO
931,3,3,3,MEDIUM,YES,YES,AC,3000,30,NO
932,2,3,2,LOW,YES,YES,AC,2000,20,YES
933,3,4,2,MEDIUM,YES,YES,AC,4000,20,YES
934,1,2,1,HIGH,YES,YES,AC,4000,20,YES
935,4,4,5,LOW,YES,YES,AC,3000,30,YES
936,2,3,2,MEDIUM,YES,YES,AC,3000,20,NO
937,4,5,5,LOW,YES,YES,AC,4000,20,NO
938,1,2,1,HIGH,YES,YES,AC,3000,30,YES
939,1,3,1,MEDIUM,YES,YES,AC,4000,20,YES
940,1,5,2,HIGH,YES,YES,AC,4000,20,YES
941,2,4,1,MEDIUM,YES,NO,AC,3000,20,YES
942,5,3,2,HIGH,NO,NO,AC,5000,20,YES
943,3,4,2,HIGH,YES,YES,AC,5000,30,YES
944,2,5,2,HIGH,YES,NO,AC,4000,40,YES
945,3,5,3,HIGH,YES,YES,AC,5000,20,YES
946,3,3,2,MEDIUM,YES,NO,AC,4000,30,YES
947,3,3,4,MEDIUM,YES,YES,AC,5000,50,YES
948,4,4,2,HIGH,YES,YES,AC,5000,40,NO
949,2,2,1,MEDIUM,NO,YES,NON AC,2000,20,YES
950,3,3,3,MEDIUM,YES,YES,AC,4000,30,YES
951,1,2,1,LOW,NO,YES,NON AC,1000,20,NO
952,2,5,2,HIGH,YES,NO,AC,5000,50,YES
953,4,3,3,MEDIUM,YES,YES,AC,3000,30,YES
954,2,4,4,LOW,NO,YES,AC,5000,40,YES
955,4,3,2,HIGH,YES,NO,NON AC,3000,20,YES
956,3,4,3,MEDIUM,YES,YES,AC,4000,30,YES
957,3,3,2,MEDIUM,YES,NO,AC,4000,30,YES
958,2,4,1,LOW,YES,YES,AC,2000,20,YES
959,4,5,2,HIGH,YES,NO,AC,3000,50,YES
960,2,3,2,HIGH,YES,NO,AC,3000,20,YES
961,3,5,2,MEDIUM,NO,YES,AC,4000,30,NO
962,1,4,1,LOW,YES,NO,AC,3000,50,NO
963,2,4,2,LOW,NO,NO,AC,2000,40,NO
964,1,3,1,MEDIUM,NO,YES,AC,3000,30,NO
965,2,3,2,HIGH,YES,YES,AC,4000,30,NO
966,2,3,2,HIGH,NO,YES,NON AC,3000,20,YES
967,4,2,4,MEDIUM,YES,NO,AC,5000,30,YES
968,3,4,3,MEDIUM,YES,NO,AC,3000,40,NO
969,2,4,2,HIGH,YES,YES,AC,5000,20,YES
970,1,2,1,HIGH,NO,NO,NON AC,3000,30,YES
971,4,1,1,LOW,NO,YES,AC,3000,40,YES
972,1,3,1,LOW,NO,YES,NON AC,2000,20,NO
973,3,4,2,MEDIUM,YES,YES,AC,3000,30,NO
974,4,4,4,HIGH,YES,NO,AC,3000,40,NO
975,1,3,1,MEDIUM,NO,YES,NON AC,2000,20,YES
976,2,4,2,HIGH,NO,YES,AC,3000,30,YES
977,4,4,4,HIGH,YES,NO,AC,4000,40,YES
978,1,4,2,MEDIUM,NO,YES,AC,4000,20,NO
979,3,1,3,LOW,YES,YES,NON AC,3000,40,YES
980,2,3,4,HIGH,NO,NO,AC,4000,20,NO
981,2,4,2,LOW,YES,YES,AC,4000,20,YES
982,4,3,5,HIGH,NO,NO,AC,1000,40,NO
983,2,3,3,MEDIUM,YES,YES,AC,3000,20,NO
984,2,4,4,HIGH,YES,YES,AC,4000,30,YES
985,4,5,2,LOW,YES,YES,AC,4000,20,YES
986,2,3,2,LOW,NO,YES,AC,3000,20,YES
987,4,3,1,HIGH,YES,NO,AC,4000,40,NO
988,2,5,2,LOW,YES,NO,NON AC,3000,30,YES
989,1,4,4,LOW,NO,YES,NON AC,2000,20,YES
990,2,3,1,LOW,NO,YES,AC,2000,20,YES
991,3,5,4,HIGH,YES,YES,AC,3000,40,NO
992,4,2,2,MEDIUM,NO,YES,NON AC,4000,30,YES
993,2,3,2,HIGH,YES,NO,AC,3000,20,NO
994,2,5,2,MEDIUM,YES,YES,AC,4000,20,YES
995,2,3,1,LOW,NO,YES,AC,2000,20,YES
996,3,5,4,HIGH,YES,NO,AC,3000,40,NO
997,4,2,2,MEDIUM,NO,YES,NON AC,4000,30,YES
998,2,3,2,HIGH,YES,NO,AC,3000,20,NO
999,2,5,2,MEDIUM,YES,YES,AC,4000,20,YES
1000,4,3,4,LOW,YES,YES,AC,4000,40,YES
1001,3,3,1,LOW,YES,YES,NON AC,2000,20,YES
1002,4,5,2,MEDIUM,NO,YES,AC,3000,20,YES
1003,2,2,2,HIGH,NO,YES,AC,5000,30,NO
1004,4,2,2,HIGH,YES,YES,NON AC,5000,20,NO
1005,3,2,3,LOW,YES,YES,AC,3000,30,YES
1006,3,3,1,LOW,NO,YES,AC,4000,40,YES
1007,3,5,2,MEDIUM,NO,YES,AC,4000,20,YES
1008,2,3,2,HIGH,NO,YES,AC,3000,30,NO
1009,3,3,1,MEDIUM,YES,YES,AC,2000,50,YES
1010,3,5,2,HIGH,YES,YES,AC,4000,40,YES
1011,1,2,1,LOW,NO,YES,AC,3000,20,NO
1012,3,3,2,MEDIUM,YES,NO,AC,3000,30,NO
1013,4,3,1,LOW,YES,YES,AC,3000,20,YES
1014,2,4,2,MEDIUM,YES,YES,AC,4000,30,YES
1015,5,3,4,MEDIUM,YES,NO,AC,4000,40,NO
1016,2,3,1,LOW,NO,NO,NON AC,2000,20,YES
1017,3,5,2,HIGH,YES,YES,AC,6000,30,NO
1018,3,4,4,MEDIUM,YES,YES,AC,4000,40,YES
1019,4,2,2,LOW,NO,YES,AC,2000,20,YES
1020,2,5,1,MEDIUM,NO,YES,AC,4000,30,YES
1021,3,3,2,HIGH,YES,NO,AC,5000,50,NO
1022,3,4,1,MEDIUM,NO,NO,AC,2000,30,NO
1023,2,5,1,LOW,YES,YES,AC,4000,50,NO
1024,3,3,2,LOW,YES,NO,NON AC,5000,60,NO
1025,1,3,1,LOW,NO,YES,AC,3000,20,NO
1026,2,4,2,LOW,YES,YES,AC,5000,30,NO
1027,2,5,4,LOW,YES,YES,AC,5000,50,NO
1028,1,2,1,LOW,NO,NO,NON AC,2000,20,YES
1029,2,2,2,HIGH,YES,YES,AC,4000,30,NO
1030,1,4,1,MEDIUM,YES,YES,AC,4000,50,NO
1031,3,4,1,HIGH,NO,YES,AC,5000,30,YES
1032,1,2,1,HIGH,NO,YES,NON AC,2000,20,YES
1033,2,5,2,LOW,YES,NO,AC,6000,50,YES
1034,3,3,2,MEDIUM,NO,YES,AC,4000,20,YES
1035,2,3,1,MEDIUM,YES,YES,AC,3000,30,NO
1036,2,4,2,HIGH,YES,YES,AC,5000,20,YES
1037,3,5,2,HIGH,YES,YES,AC,5000,30,YES
1038,4,2,4,HIGH,NO,NO,NON AC,4000,40,NO
1039,3,2,1,LOW,NO,YES,AC,2000,20,YES
1040,2,3,2,LOW,NO,YES,AC,3000,20,NO
1041,5,3,4,HIGH,NO,NO,AC,5000,20,YES
1042,4,4,4,HIGH,YES,NO,AC,5000,30,YES
1043,4,5,2,HIGH,NO,YES,NON AC,2000,20,YES
1044,3,4,4,HIGH,NO,NO,AC,5000,30,YES
1045,3,2,4,MEDIUM,YES,NO,NON AC,4000,40,NO
1046,3,3,4,HIGH,NO,YES,AC,6000,20,YES
1047,2,4,3,LOW,YES,YES,NON AC,3000,30,YES
1048,5,3,4,MEDIUM,YES,YES,AC,4000,30,NO
1049,3,4,4,HIGH,NO,YES,AC,5000,20,YES
1050,2,5,3,MEDIUM,YES,YES,AC,6000,30,NO
1051,1,3,2,LOW,NO,YES,AC,2000,20,YES
1052,3,5,2,MEDIUM,NO,YES,AC,4000,20,YES
1053,4,4,3,LOW,YES,YES,AC,4000,30,YES
1054,5,4,4,LOW,NO,NO,AC,3000,40,YES
1055,3,3,2,LOW,YES,NO,AC,3000,30,NO
1056,4,5,1,MEDIUM,NO,YES,AC,5000,30,YES
1057,5,4,2,HIGH,YES,YES,NON AC,4000,20,YES
1058,4,3,3,MEDIUM,NO,YES,AC,3000,30,YES
1059,3,4,2,MEDIUM,NO,YES,AC,4000,20,YES
1060,2,3,1,LOW,NO,YES,AC,3000,20,YES
1061,3,3,4,High,NO,YES,AC,4000,20,YES
1062,4,3,2,MEDIUM,YES,YES,AC,4000,30,YES
1063,5,3,4,HIGH,YES,YES,AC,3000,40,YES
1064,3,2,1,LOW,NO,YES,NON AC,1000,20,YES
1065,5,4,2,HIGH,YES,YES,AC,3000,30,YES
1066,4,5,2,MEDIUM,YES,NO,AC,4000,50,NO
1067,1,3,2,MEDIUM,YES,YES,AC,2000,20,NO
1068,2,4,1,LOW,YES,YES,AC,2000,20,YES
1069,4,3,2,HIGH,YES,YES,AC,4000,20,YES
1070,3,3,1,MEDIUM,YES,YES,AC,2000,20,YES
1071,3,4,2,LOW,YES,YES,AC,3000,20,NO
1072,2,4,4,HIGH,YES,YES,NON AC,4000,30,YES
1073,4,5,2,LOW,YES,YES,AC,4000,20,YES
1074,2,3,4,MEDIUM,YES,YES,AC,3000,20,YES
1075,1,2,1,HIGH,YES,YES,AC,4000,30,NO
1076,4,4,5,HIGH,YES,YES,AC,5000,20,YES
1077,3,3,3,HIGH,YES,YES,NON AC,3000,30,NO
1078,2,3,2,HIGH,YES,YES,AC,2000,20,YES
1079,3,4,2,HIGH,YES,YES,AC,4000,20,YES
1080,1,2,1,HIGH,YES,YES,AC,4000,20,NO
1081,4,4,5,LOW,YES,YES,AC,3000,30,YES
1082,2,3,2,MEDIUM,YES,YES,AC,3000,20,YES
1083,4,5,5,LOW,YES,YES,AC,4000,20,YES
1084,1,2,1,HIGH,YES,YES,AC,3000,30,NO
1085,1,3,1,MEDIUM,YES,YES,AC,4000,20,YES
1086,1,5,2,HIGH,YES,YES,AC,4000,20,NO
1087,2,4,1,MEDIUM,YES,NO,AC,3000,20,YES
1088,5,3,2,HIGH,NO,NO,NON AC,5000,20,YES
1089,3,4,2,HIGH,YES,YES,NON AC,5000,30,YES
1090,2,5,2,HIGH,YES,NO,NON AC,4000,40,NO
1091,3,5,3,HIGH,YES,YES,NON AC,5000,20,YES
1092,3,3,2,MEDIUM,YES,NO,AC,4000,30,YES
1093,3,3,4,MEDIUM,YES,YES,AC,5000,50,NO
1094,4,4,2,HIGH,YES,YES,AC,5000,40,YES
1095,2,2,1,MEDIUM,NO,YES,NON AC,2000,20,YES
1096,3,3,3,MEDIUM,NO,YES,AC,4000,30,NO
1097,1,2,1,LOW,NO,YES,NON AC,1000,20,YES
1098,2,5,2,HIGH,NO,NO,NON AC,5000,50,YES
1099,4,3,3,MEDIUM,NO,YES,NON AC,3000,30,YES
1100,2,4,4,LOW,NO,YES,NON AC,5000,40,NO
1101,4,3,2,HIGH,YES,NO,NON AC,3000,20,YES
1102,3,4,3,MEDIUM,YES,YES,AC,4000,30,YES
1103,3,3,2,MEDIUM,YES,NO,AC,4000,30,YES
1104,2,4,1,LOW,YES,YES,AC,2000,20,NO
1105,4,5,2,High,YES,NO,NON AC,3000,50,NO
1106,2,3,2,High,YES,NO,NON AC,3000,20,NO
1107,3,5,2,MEDIUM,NO,YES,NON AC,4000,30,NO
1108,1,4,1,LOW,YES,NO,NON AC,3000,50,YES
1109,2,4,2,LOW,NO,NO,AC,2000,40,NO
1110,1,3,1,MEDIUM,NO,YES,AC,3000,30,NO
1111,2,3,2,HIGH,YES,YES,AC,4000,30,YES
1112,2,3,2,HIGH,NO,YES,NON AC,3000,20,YES
1113,4,2,4,MEDIUM,YES,NO,AC,5000,30,NO
1114,3,4,3,MEDIUM,YES,NO,AC,3000,40,YES
1115,2,4,2,HIGH,YES,NO,AC,5000,20,YES
1116,1,2,1,HIGH,NO,NO,NON AC,6000,30,NO
1117,4,1,1,LOW,NO,NO,AC,3000,40,YES
1118,1,3,1,LOW,NO,NO,NON AC,2000,20,YES
1119,3,4,2,MEDIUM,YES,NO,AC,3000,30,YES
1120,4,4,4,MEDIUM,YES,NO,AC,3000,40,YES
1121,1,3,1,MEDIUM,NO,YES,NON AC,2000,20,YES
1122,2,4,2,HIGH,NO,YES,AC,3000,30,NO
1123,4,4,4,HIGH,YES,NO,AC,4000,40,YES
1124,1,4,2,MEDIUM,NO,YES,AC,4000,20,YES
1125,3,1,3,LOW,YES,YES,NON AC,3000,40,NO
1126,2,3,4,HIGH,NO,NO,AC,4000,20,YES
1127,2,4,2,LOW,YES,YES,AC,4000,20,YES
1128,4,3,5,HIGH,NO,NO,AC,1000,40,YES
1129,2,3,3,MEDIUM,YES,YES,AC,5000,20,NO
1130,2,4,4,HIGH,YES,YES,AC,4000,30,YES
1131,4,5,2,LOW,YES,YES,AC,4000,20,NO
1132,2,3,2,LOW,NO,YES,AC,3000,20,NO
1133,4,3,1,HIGH,YES,NO,AC,4000,40,YES
1134,2,5,2,LOW,YES,NO,NON AC,5000,30,NO
1135,3,5,2,HIGH,YES,NO,AC,7000,50,NO
1136,4,3,3,LOW,YES,YES,AC,3500,30,NO
1137,2,4,4,MEDIUM,NO,YES,AC,5500,37,YES
1138,6,3,2,HIGH,YES,YES,NON AC,7000,20,NO
1139,3,4,3,MEDIUM,YES,YES,NON AC,3700,30,YES
1140,3,3,2,HIGH,YES,NO,AC,4200,43,YES
1141,2,4,2,MEDIUM,YES,YES,AC,4000,28,NO
1142,4,5,2,HIGH,YES,YES,AC,3400,52,YES
1143,2,3,2,HIGH,YES,NO,AC,3000,27,YES
1144,3,5,2,HIGH,NO,YES,AC,4200,30,YES
1145,1,4,2,LOW,YES,NO,NON AC,3400,48,NO
1146,2,2,2,LOW,NO,NO,AC,1800,40,YES
1147,1,3,2,MEDIUM,YES,YES,AC,3200,30,YES
1148,3,3,1,MEDIUM,YES,YES,AC,2000,50,NO
1149,3,5,2,HIGH,YES,YES,AC,4000,40,YES
1150,1,2,1,LOW,NO,YES,AC,3000,20,YES
1151,3,3,2,MEDIUM,YES,NO,AC,3000,30,YES
1152,4,3,1,LOW,YES,YES,AC,3000,20,YES
1153,2,4,2,MEDIUM,YES,YES,AC,4000,30,NO
1154,5,3,4,MEDIUM,YES,NO,AC,4000,40,NO
1155,2,3,1,LOW,NO,NO,NON AC,2000,20,YES
1156,3,5,2,HIGH,YES,YES,AC,6000,30,NO
1157,3,4,4,MEDIUM,YES,YES,AC,4000,40,YES
1158,4,2,2,LOW,NO,YES,AC,2000,20,YES
1159,2,5,1,MEDIUM,NO,YES,AC,4000,30,YES
1160,3,3,2,HIGH,YES,NO,AC,5000,50,NO
1161,3,4,1,MEDIUM,NO,NO,AC,2000,30,YES
1162,2,5,1,LOW,YES,YES,AC,4000,50,YES
1163,3,3,2,HIGH,YES,NO,NON AC,5000,60,NO
1164,1,3,1,LOW,NO,YES,AC,3000,20,YES
1165,2,4,2,MEDIUM,YES,YES,AC,5000,30,NO
1166,2,5,4,HIGH,YES,YES,AC,5000,50,NO
1167,1,2,1,LOW,NO,NO,NON AC,2000,20,YES
1168,2,2,2,HIGH,YES,YES,AC,4000,30,YES
1169,1,4,1,MEDIUM,YES,YES,AC,4000,50,YES
1170,3,4,1,HIGH,NO,YES,AC,5000,30,NO
1171,1,2,1,HIGH,NO,YES,NON AC,2000,20,NO
1172,2,5,2,LOW,YES,NO,AC,6000,50,NO
1173,3,3,2,MEDIUM,NO,YES,AC,4000,20,YES
1174,2,3,1,MEDIUM,YES,YES,AC,3000,30,YES
1175,2,4,2,HIGH,YES,YES,AC,5000,20,YES
1176,3,5,2,HIGH,YES,YES,AC,5000,30,YES
1177,4,2,4,HIGH,NO,NO,NON AC,4000,40,YES
1178,3,2,1,LOW,NO,YES,AC,2000,20,YES
1179,2,3,2,LOW,NO,YES,AC,3000,20,YES
1180,5,3,4,HIGH,NO,NO,AC,5000,20,YES
1181,4,4,4,HIGH,YES,NO,AC,5000,30,NO
1182,4,5,2,HIGH,NO,YES,NON AC,2000,20,YES
1183,3,4,4,HIGH,NO,NO,AC,5000,30,YES
1184,3,2,4,MEDIUM,YES,NO,NON AC,4000,40,NO
1185,3,3,4,HIGH,NO,YES,AC,6000,20,NO
1186,2,4,3,LOW,YES,YES,NON AC,3000,30,YES
1187,5,3,4,MEDIUM,YES,YES,AC,4000,30,YES
1188,3,4,4,HIGH,NO,YES,AC,5000,20,YES
1189,2,5,3,MEDIUM,YES,YES,AC,6000,30,NO
1190,1,3,2,LOW,NO,YES,AC,2000,20,YES
1191,3,5,2,MEDIUM,NO,YES,AC,4000,20,NO
1192,4,4,3,LOW,YES,YES,AC,4000,30,YES
1193,5,4,4,LOW,NO,NO,AC,3000,40,NO
1194,3,3,2,LOW,YES,NO,AC,3000,30,YES
1195,4,5,1,MEDIUM,NO,YES,AC,5000,30,NO
1196,5,4,2,HIGH,YES,YES,NON AC,4000,20,YES
1197,4,3,3,MEDIUM,NO,YES,AC,3000,30,NO
1198,3,4,2,MEDIUM,YES,YES,AC,4000,20,YES
1199,2,3,1,LOW,YES,YES,AC,3000,20,NO
1200,3,3,4,HIGH,YES,YES,AC,4000,20,YES
1201,4,3,2,MEDIUM,YES,YES,AC,4000,30,NO
1202,5,3,4,HIGH,YES,YES,AC,3000,40,YES
1203,3,2,1,LOW,NO,YES,NON AC,1000,20,YES
1204,5,4,2,HIGH,YES,YES,AC,3000,30,NO
1205,4,5,2,MEDIUM,YES,NO,AC,4000,50,YES
1206,1,3,2,MEDIUM,YES,YES,YES,2000,20,NO
1207,2,4,1,LOW,NO,YES,NO,2000,20,NO
1208,4,3,2,HIGH,YES,YES,YES,4000,20,YES
1209,3,3,1,MEDIUM,NO,YES,AC,2000,20,YES
1210,3,4,2,LOW,NO,YES,AC,3000,20,NO
1211,2,4,4,HIGH,YES,YES,AC,4000,30,YES
1212,4,5,2,LOW,YES,YES,AC,4000,20,NO
